biker_id,tour_id
BG454810,SS35153331 WY3677521 RW16492883 SS59203400 TR7268030 QR36456605 RW87953346 QX64837767 SS59203400 WY3677521 SS35153331 RX14849271 XX0504585 QR5703643 SX9811473 SS15756640 SP03210851 RW32029489 TQ03636596 TT040604 SX50944985 RX87039266 QQ12738637 RW68548410 RW16492883 SS59203400
FA521271,SS35153331 WY3677521 RW16492883 SS59203400 TR7268030 QR36456605 RW87953346 QX64837767 SS59203400 WY3677521 SS35153331 RX14849271 XX0504585 QR5703643 SX9811473 SS15756640 SP03210851 RW32029489 TQ03636596 TT040604 SX50944985 RX87039266 QQ12738637 RW68548410 RW16492883 SS59203400
HF001773,SS35153331 WY3677521 RW16492883 SS59203400 TR7268030 QR36456605 RW87953346 QX64837767 SS59203400 WY3677521 SS35153331 RX14849271 XX0504585 QR5703643 SX9811473 SS15756640 SP03210851 RW32029489 TQ03636596 TT040604 SX50944985 RX87039266 QQ12738637 RW68548410 RW16492883 SS59203400
IA365330,SS35153331 WY3677521 RW16492883 SS59203400 TR7268030 QR36456605 RW87953346 QX64837767 SS59203400 WY3677521 SS35153331 RX14849271 XX0504585 QR5703643 SX9811473 SS15756640 SP03210851 RW32029489 TQ03636596 TT040604 SX50944985 RX87039266 QQ12738637 RW68548410 RW16492883 SS59203400
JG920130,SS35153331 WY3677521 RW16492883 SS59203400 TR7268030 QR36456605 RW87953346 QX64837767 SS59203400 WY3677521 SS35153331 RX14849271 XX0504585 QR5703643 SX9811473 SS15756640 SP03210851 RW32029489 TQ03636596 TT040604 SX50944985 RX87039266 QQ12738637 RW68548410 RW16492883 SS59203400
JH062150,SS35153331 WY3677521 RW16492883 SS59203400 TR7268030 QR36456605 RW87953346 QX64837767 SS59203400 WY3677521 SS35153331 RX14849271 XX0504585 QR5703643 SX9811473 SS15756640 SP03210851 RW32029489 TQ03636596 TT040604 SX50944985 RX87039266 QQ12738637 RW68548410 RW16492883 SS59203400
BH6349030,SS35153331 WY3677521 RW16492883 SS59203400 TR7268030 QR36456605 RW87953346 QX64837767 SS59203400 WY3677521 SS35153331 RX14849271 XX0504585 QR5703643 SX9811473 SS15756640 SP03210851 RW32029489 TQ03636596 TT040604 SX50944985 RX87039266 QQ12738637 RW68548410 RW16492883 SS59203400
CB8125888,SS35153331 WY3677521 RW16492883 SS59203400 TR7268030 QR36456605 RW87953346 QX64837767 SS59203400 WY3677521 SS35153331 RX14849271 XX0504585 QR5703643 SX9811473 SS15756640 SP03210851 RW32029489 TQ03636596 TT040604 SX50944985 RX87039266 QQ12738637 RW68548410 RW16492883 SS59203400
CC3726744,SS35153331 WY3677521 RW16492883 SS59203400 TR7268030 QR36456605 RW87953346 QX64837767 SS59203400 WY3677521 SS35153331 RX14849271 XX0504585 QR5703643 SX9811473 SS15756640 SP03210851 RW32029489 TQ03636596 TT040604 SX50944985 RX87039266 QQ12738637 RW68548410 RW16492883 SS59203400
CC7195072,SS35153331 WY3677521 RW16492883 SS59203400 TR7268030 QR36456605 RW87953346 QX64837767 SS59203400 WY3677521 SS35153331 RX14849271 XX0504585 QR5703643 SX9811473 SS15756640 SP03210851 RW32029489 TQ03636596 TT040604 SX50944985 RX87039266 QQ12738637 RW68548410 RW16492883 SS59203400
CE2737714,SS35153331 WY3677521 RW16492883 SS59203400 TR7268030 QR36456605 RW87953346 QX64837767 SS59203400 WY3677521 SS35153331 RX14849271 XX0504585 QR5703643 SX9811473 SS15756640 SP03210851 RW32029489 TQ03636596 TT040604 SX50944985 RX87039266 QQ12738637 RW68548410 RW16492883 SS59203400
CJ3229720,SS35153331 WY3677521 RW16492883 SS59203400 TR7268030 QR36456605 RW87953346 QX64837767 SS59203400 WY3677521 SS35153331 RX14849271 XX0504585 QR5703643 SX9811473 SS15756640 SP03210851 RW32029489 TQ03636596 TT040604 SX50944985 RX87039266 QQ12738637 RW68548410 RW16492883 SS59203400
CJ3887296,SS35153331 WY3677521 RW16492883 SS59203400 TR7268030 QR36456605 RW87953346 QX64837767 SS59203400 WY3677521 SS35153331 RX14849271 XX0504585 QR5703643 SX9811473 SS15756640 SP03210851 RW32029489 TQ03636596 TT040604 SX50944985 RX87039266 QQ12738637 RW68548410 RW16492883 SS59203400
DF2560129,SS35153331 WY3677521 RW16492883 SS59203400 TR7268030 QR36456605 RW87953346 QX64837767 SS59203400 WY3677521 SS35153331 RX14849271 XX0504585 QR5703643 SX9811473 SS15756640 SP03210851 RW32029489 TQ03636596 TT040604 SX50944985 RX87039266 QQ12738637 RW68548410 RW16492883 SS59203400
DF6982085,SS35153331 WY3677521 RW16492883 SS59203400 TR7268030 QR36456605 RW87953346 QX64837767 SS59203400 WY3677521 SS35153331 RX14849271 XX0504585 QR5703643 SX9811473 SS15756640 SP03210851 RW32029489 TQ03636596 TT040604 SX50944985 RX87039266 QQ12738637 RW68548410 RW16492883 SS59203400
EG9116393,SS35153331 WY3677521 RW16492883 SS59203400 TR7268030 QR36456605 RW87953346 QX64837767 SS59203400 WY3677521 SS35153331 RX14849271 XX0504585 QR5703643 SX9811473 SS15756640 SP03210851 RW32029489 TQ03636596 TT040604 SX50944985 RX87039266 QQ12738637 RW68548410 RW16492883 SS59203400
EI3141559,SS35153331 WY3677521 RW16492883 SS59203400 TR7268030 QR36456605 RW87953346 QX64837767 SS59203400 WY3677521 SS35153331 RX14849271 XX0504585 QR5703643 SX9811473 SS15756640 SP03210851 RW32029489 TQ03636596 TT040604 SX50944985 RX87039266 QQ12738637 RW68548410 RW16492883 SS59203400
EJ1840802,SS35153331 WY3677521 RW16492883 SS59203400 TR7268030 QR36456605 RW87953346 QX64837767 SS59203400 WY3677521 SS35153331 RX14849271 XX0504585 QR5703643 SX9811473 SS15756640 SP03210851 RW32029489 TQ03636596 TT040604 SX50944985 RX87039266 QQ12738637 RW68548410 RW16492883 SS59203400
FA0590864,SS35153331 WY3677521 RW16492883 SS59203400 TR7268030 QR36456605 RW87953346 QX64837767 SS59203400 WY3677521 SS35153331 RX14849271 XX0504585 QR5703643 SX9811473 SS15756640 SP03210851 RW32029489 TQ03636596 TT040604 SX50944985 RX87039266 QQ12738637 RW68548410 RW16492883 SS59203400
FA4326263,SS35153331 WY3677521 RW16492883 SS59203400 TR7268030 QR36456605 RW87953346 QX64837767 SS59203400 WY3677521 SS35153331 RX14849271 XX0504585 QR5703643 SX9811473 SS15756640 SP03210851 RW32029489 TQ03636596 TT040604 SX50944985 RX87039266 QQ12738637 RW68548410 RW16492883 SS59203400
FD2014578,SS35153331 WY3677521 RW16492883 SS59203400 TR7268030 QR36456605 RW87953346 QX64837767 SS59203400 WY3677521 SS35153331 RX14849271 XX0504585 QR5703643 SX9811473 SS15756640 SP03210851 RW32029489 TQ03636596 TT040604 SX50944985 RX87039266 QQ12738637 RW68548410 RW16492883 SS59203400
FE7476091,SS35153331 WY3677521 RW16492883 SS59203400 TR7268030 QR36456605 RW87953346 QX64837767 SS59203400 WY3677521 SS35153331 RX14849271 XX0504585 QR5703643 SX9811473 SS15756640 SP03210851 RW32029489 TQ03636596 TT040604 SX50944985 RX87039266 QQ12738637 RW68548410 RW16492883 SS59203400
FH2449222,SS35153331 WY3677521 RW16492883 SS59203400 TR7268030 QR36456605 RW87953346 QX64837767 SS59203400 WY3677521 SS35153331 RX14849271 XX0504585 QR5703643 SX9811473 SS15756640 SP03210851 RW32029489 TQ03636596 TT040604 SX50944985 RX87039266 QQ12738637 RW68548410 RW16492883 SS59203400
FI3119832,SS35153331 WY3677521 RW16492883 SS59203400 TR7268030 QR36456605 RW87953346 QX64837767 SS59203400 WY3677521 SS35153331 RX14849271 XX0504585 QR5703643 SX9811473 SS15756640 SP03210851 RW32029489 TQ03636596 TT040604 SX50944985 RX87039266 QQ12738637 RW68548410 RW16492883 SS59203400
GA9504174,SS35153331 WY3677521 RW16492883 SS59203400 TR7268030 QR36456605 RW87953346 QX64837767 SS59203400 WY3677521 SS35153331 RX14849271 XX0504585 QR5703643 SX9811473 SS15756640 SP03210851 RW32029489 TQ03636596 TT040604 SX50944985 RX87039266 QQ12738637 RW68548410 RW16492883 SS59203400
GB1059554,SS35153331 WY3677521 RW16492883 SS59203400 TR7268030 QR36456605 RW87953346 QX64837767 SS59203400 WY3677521 SS35153331 RX14849271 XX0504585 QR5703643 SX9811473 SS15756640 SP03210851 RW32029489 TQ03636596 TT040604 SX50944985 RX87039266 QQ12738637 RW68548410 RW16492883 SS59203400
GE8889363,SS35153331 WY3677521 RW16492883 SS59203400 TR7268030 QR36456605 RW87953346 QX64837767 SS59203400 WY3677521 SS35153331 RX14849271 XX0504585 QR5703643 SX9811473 SS15756640 SP03210851 RW32029489 TQ03636596 TT040604 SX50944985 RX87039266 QQ12738637 RW68548410 RW16492883 SS59203400
GF1367901,SS35153331 WY3677521 RW16492883 SS59203400 TR7268030 QR36456605 RW87953346 QX64837767 SS59203400 WY3677521 SS35153331 RX14849271 XX0504585 QR5703643 SX9811473 SS15756640 SP03210851 RW32029489 TQ03636596 TT040604 SX50944985 RX87039266 QQ12738637 RW68548410 RW16492883 SS59203400
GF4235318,SS35153331 WY3677521 RW16492883 SS59203400 TR7268030 QR36456605 RW87953346 QX64837767 SS59203400 WY3677521 SS35153331 RX14849271 XX0504585 QR5703643 SX9811473 SS15756640 SP03210851 RW32029489 TQ03636596 TT040604 SX50944985 RX87039266 QQ12738637 RW68548410 RW16492883 SS59203400
GH0504249,SS35153331 WY3677521 RW16492883 SS59203400 TR7268030 QR36456605 RW87953346 QX64837767 SS59203400 WY3677521 SS35153331 RX14849271 XX0504585 QR5703643 SX9811473 SS15756640 SP03210851 RW32029489 TQ03636596 TT040604 SX50944985 RX87039266 QQ12738637 RW68548410 RW16492883 SS59203400
GI3588589,SS35153331 WY3677521 RW16492883 SS59203400 TR7268030 QR36456605 RW87953346 QX64837767 SS59203400 WY3677521 SS35153331 RX14849271 XX0504585 QR5703643 SX9811473 SS15756640 SP03210851 RW32029489 TQ03636596 TT040604 SX50944985 RX87039266 QQ12738637 RW68548410 RW16492883 SS59203400
GI4722612,SS35153331 WY3677521 RW16492883 SS59203400 TR7268030 QR36456605 RW87953346 QX64837767 SS59203400 WY3677521 SS35153331 RX14849271 XX0504585 QR5703643 SX9811473 SS15756640 SP03210851 RW32029489 TQ03636596 TT040604 SX50944985 RX87039266 QQ12738637 RW68548410 RW16492883 SS59203400
GI7595500,SS35153331 WY3677521 RW16492883 SS59203400 TR7268030 QR36456605 RW87953346 QX64837767 SS59203400 WY3677521 SS35153331 RX14849271 XX0504585 QR5703643 SX9811473 SS15756640 SP03210851 RW32029489 TQ03636596 TT040604 SX50944985 RX87039266 QQ12738637 RW68548410 RW16492883 SS59203400
GJ3535188,SS35153331 WY3677521 RW16492883 SS59203400 TR7268030 QR36456605 RW87953346 QX64837767 SS59203400 WY3677521 SS35153331 RX14849271 XX0504585 QR5703643 SX9811473 SS15756640 SP03210851 RW32029489 TQ03636596 TT040604 SX50944985 RX87039266 QQ12738637 RW68548410 RW16492883 SS59203400
HB3889887,SS35153331 WY3677521 RW16492883 SS59203400 TR7268030 QR36456605 RW87953346 QX64837767 SS59203400 WY3677521 SS35153331 RX14849271 XX0504585 QR5703643 SX9811473 SS15756640 SP03210851 RW32029489 TQ03636596 TT040604 SX50944985 RX87039266 QQ12738637 RW68548410 RW16492883 SS59203400
HD0373215,SS35153331 WY3677521 RW16492883 SS59203400 TR7268030 QR36456605 RW87953346 QX64837767 SS59203400 WY3677521 SS35153331 RX14849271 XX0504585 QR5703643 SX9811473 SS15756640 SP03210851 RW32029489 TQ03636596 TT040604 SX50944985 RX87039266 QQ12738637 RW68548410 RW16492883 SS59203400
IA2688704,SS35153331 WY3677521 RW16492883 SS59203400 TR7268030 QR36456605 RW87953346 QX64837767 SS59203400 WY3677521 SS35153331 RX14849271 XX0504585 QR5703643 SX9811473 SS15756640 SP03210851 RW32029489 TQ03636596 TT040604 SX50944985 RX87039266 QQ12738637 RW68548410 RW16492883 SS59203400
IE4324358,SS35153331 WY3677521 RW16492883 SS59203400 TR7268030 QR36456605 RW87953346 QX64837767 SS59203400 WY3677521 SS35153331 RX14849271 XX0504585 QR5703643 SX9811473 SS15756640 SP03210851 RW32029489 TQ03636596 TT040604 SX50944985 RX87039266 QQ12738637 RW68548410 RW16492883 SS59203400
IF1286067,SS35153331 WY3677521 RW16492883 SS59203400 TR7268030 QR36456605 RW87953346 QX64837767 SS59203400 WY3677521 SS35153331 RX14849271 XX0504585 QR5703643 SX9811473 SS15756640 SP03210851 RW32029489 TQ03636596 TT040604 SX50944985 RX87039266 QQ12738637 RW68548410 RW16492883 SS59203400
II5331957,SS35153331 WY3677521 RW16492883 SS59203400 TR7268030 QR36456605 RW87953346 QX64837767 SS59203400 WY3677521 SS35153331 RX14849271 XX0504585 QR5703643 SX9811473 SS15756640 SP03210851 RW32029489 TQ03636596 TT040604 SX50944985 RX87039266 QQ12738637 RW68548410 RW16492883 SS59203400
JB7166122,SS35153331 WY3677521 RW16492883 SS59203400 TR7268030 QR36456605 RW87953346 QX64837767 SS59203400 WY3677521 SS35153331 RX14849271 XX0504585 QR5703643 SX9811473 SS15756640 SP03210851 RW32029489 TQ03636596 TT040604 SX50944985 RX87039266 QQ12738637 RW68548410 RW16492883 SS59203400
JC5496510,SS35153331 WY3677521 RW16492883 SS59203400 TR7268030 QR36456605 RW87953346 QX64837767 SS59203400 WY3677521 SS35153331 RX14849271 XX0504585 QR5703643 SX9811473 SS15756640 SP03210851 RW32029489 TQ03636596 TT040604 SX50944985 RX87039266 QQ12738637 RW68548410 RW16492883 SS59203400
JD8766697,SS35153331 WY3677521 RW16492883 SS59203400 TR7268030 QR36456605 RW87953346 QX64837767 SS59203400 WY3677521 SS35153331 RX14849271 XX0504585 QR5703643 SX9811473 SS15756640 SP03210851 RW32029489 TQ03636596 TT040604 SX50944985 RX87039266 QQ12738637 RW68548410 RW16492883 SS59203400
JH5501999,SS35153331 WY3677521 RW16492883 SS59203400 TR7268030 QR36456605 RW87953346 QX64837767 SS59203400 WY3677521 SS35153331 RX14849271 XX0504585 QR5703643 SX9811473 SS15756640 SP03210851 RW32029489 TQ03636596 TT040604 SX50944985 RX87039266 QQ12738637 RW68548410 RW16492883 SS59203400
JJ5064362,SS35153331 WY3677521 RW16492883 SS59203400 TR7268030 QR36456605 RW87953346 QX64837767 SS59203400 WY3677521 SS35153331 RX14849271 XX0504585 QR5703643 SX9811473 SS15756640 SP03210851 RW32029489 TQ03636596 TT040604 SX50944985 RX87039266 QQ12738637 RW68548410 RW16492883 SS59203400
JJ9268198,SS35153331 WY3677521 RW16492883 SS59203400 TR7268030 QR36456605 RW87953346 QX64837767 SS59203400 WY3677521 SS35153331 RX14849271 XX0504585 QR5703643 SX9811473 SS15756640 SP03210851 RW32029489 TQ03636596 TT040604 SX50944985 RX87039266 QQ12738637 RW68548410 RW16492883 SS59203400
BA13594520,SS35153331 WY3677521 RW16492883 SS59203400 TR7268030 QR36456605 RW87953346 QX64837767 SS59203400 WY3677521 SS35153331 RX14849271 XX0504585 QR5703643 SX9811473 SS15756640 SP03210851 RW32029489 TQ03636596 TT040604 SX50944985 RX87039266 QQ12738637 RW68548410 RW16492883 SS59203400
BA22813953,SS35153331 WY3677521 RW16492883 SS59203400 TR7268030 QR36456605 RW87953346 QX64837767 SS59203400 WY3677521 SS35153331 RX14849271 XX0504585 QR5703643 SX9811473 SS15756640 SP03210851 RW32029489 TQ03636596 TT040604 SX50944985 RX87039266 QQ12738637 RW68548410 RW16492883 SS59203400
BA34249941,SS35153331 WY3677521 RW16492883 SS59203400 TR7268030 QR36456605 RW87953346 QX64837767 SS59203400 WY3677521 SS35153331 RX14849271 XX0504585 QR5703643 SX9811473 SS15756640 SP03210851 RW32029489 TQ03636596 TT040604 SX50944985 RX87039266 QQ12738637 RW68548410 RW16492883 SS59203400
BA60099431,SS35153331 WY3677521 RW16492883 SS59203400 TR7268030 QR36456605 RW87953346 QX64837767 SS59203400 WY3677521 SS35153331 RX14849271 XX0504585 QR5703643 SX9811473 SS15756640 SP03210851 RW32029489 TQ03636596 TT040604 SX50944985 RX87039266 QQ12738637 RW68548410 RW16492883 SS59203400
BA72640827,SS35153331 WY3677521 RW16492883 SS59203400 TR7268030 QR36456605 RW87953346 QX64837767 SS59203400 WY3677521 SS35153331 RX14849271 XX0504585 QR5703643 SX9811473 SS15756640 SP03210851 RW32029489 TQ03636596 TT040604 SX50944985 RX87039266 QQ12738637 RW68548410 RW16492883 SS59203400
BA73188652,SS35153331 WY3677521 RW16492883 SS59203400 TR7268030 QR36456605 RW87953346 QX64837767 SS59203400 WY3677521 SS35153331 RX14849271 XX0504585 QR5703643 SX9811473 SS15756640 SP03210851 RW32029489 TQ03636596 TT040604 SX50944985 RX87039266 QQ12738637 RW68548410 RW16492883 SS59203400
BC10507520,SS35153331 WY3677521 RW16492883 SS59203400 TR7268030 QR36456605 RW87953346 QX64837767 SS59203400 WY3677521 SS35153331 RX14849271 XX0504585 QR5703643 SX9811473 SS15756640 SP03210851 RW32029489 TQ03636596 TT040604 SX50944985 RX87039266 QQ12738637 RW68548410 RW16492883 SS59203400
BC21391751,SS35153331 WY3677521 RW16492883 SS59203400 TR7268030 QR36456605 RW87953346 QX64837767 SS59203400 WY3677521 SS35153331 RX14849271 XX0504585 QR5703643 SX9811473 SS15756640 SP03210851 RW32029489 TQ03636596 TT040604 SX50944985 RX87039266 QQ12738637 RW68548410 RW16492883 SS59203400
BC51857185,SS35153331 WY3677521 RW16492883 SS59203400 TR7268030 QR36456605 RW87953346 QX64837767 SS59203400 WY3677521 SS35153331 RX14849271 XX0504585 QR5703643 SX9811473 SS15756640 SP03210851 RW32029489 TQ03636596 TT040604 SX50944985 RX87039266 QQ12738637 RW68548410 RW16492883 SS59203400
BC58740073,SS35153331 WY3677521 RW16492883 SS59203400 TR7268030 QR36456605 RW87953346 QX64837767 SS59203400 WY3677521 SS35153331 RX14849271 XX0504585 QR5703643 SX9811473 SS15756640 SP03210851 RW32029489 TQ03636596 TT040604 SX50944985 RX87039266 QQ12738637 RW68548410 RW16492883 SS59203400
BC79721997,SS35153331 WY3677521 RW16492883 SS59203400 TR7268030 QR36456605 RW87953346 QX64837767 SS59203400 WY3677521 SS35153331 RX14849271 XX0504585 QR5703643 SX9811473 SS15756640 SP03210851 RW32029489 TQ03636596 TT040604 SX50944985 RX87039266 QQ12738637 RW68548410 RW16492883 SS59203400
BD17057097,SS35153331 WY3677521 RW16492883 SS59203400 TR7268030 QR36456605 RW87953346 QX64837767 SS59203400 WY3677521 SS35153331 RX14849271 XX0504585 QR5703643 SX9811473 SS15756640 SP03210851 RW32029489 TQ03636596 TT040604 SX50944985 RX87039266 QQ12738637 RW68548410 RW16492883 SS59203400
BD17928829,SS35153331 WY3677521 RW16492883 SS59203400 TR7268030 QR36456605 RW87953346 QX64837767 SS59203400 WY3677521 SS35153331 RX14849271 XX0504585 QR5703643 SX9811473 SS15756640 SP03210851 RW32029489 TQ03636596 TT040604 SX50944985 RX87039266 QQ12738637 RW68548410 RW16492883 SS59203400
BE27626481,SS35153331 WY3677521 RW16492883 SS59203400 TR7268030 QR36456605 RW87953346 QX64837767 SS59203400 WY3677521 SS35153331 RX14849271 XX0504585 QR5703643 SX9811473 SS15756640 SP03210851 RW32029489 TQ03636596 TT040604 SX50944985 RX87039266 QQ12738637 RW68548410 RW16492883 SS59203400
BE28101175,SS35153331 WY3677521 RW16492883 SS59203400 TR7268030 QR36456605 RW87953346 QX64837767 SS59203400 WY3677521 SS35153331 RX14849271 XX0504585 QR5703643 SX9811473 SS15756640 SP03210851 RW32029489 TQ03636596 TT040604 SX50944985 RX87039266 QQ12738637 RW68548410 RW16492883 SS59203400
BE32546106,SS35153331 WY3677521 RW16492883 SS59203400 TR7268030 QR36456605 RW87953346 QX64837767 SS59203400 WY3677521 SS35153331 RX14849271 XX0504585 QR5703643 SX9811473 SS15756640 SP03210851 RW32029489 TQ03636596 TT040604 SX50944985 RX87039266 QQ12738637 RW68548410 RW16492883 SS59203400
BE74879368,SS35153331 WY3677521 RW16492883 SS59203400 TR7268030 QR36456605 RW87953346 QX64837767 SS59203400 WY3677521 SS35153331 RX14849271 XX0504585 QR5703643 SX9811473 SS15756640 SP03210851 RW32029489 TQ03636596 TT040604 SX50944985 RX87039266 QQ12738637 RW68548410 RW16492883 SS59203400
BE85684679,SS35153331 WY3677521 RW16492883 SS59203400 TR7268030 QR36456605 RW87953346 QX64837767 SS59203400 WY3677521 SS35153331 RX14849271 XX0504585 QR5703643 SX9811473 SS15756640 SP03210851 RW32029489 TQ03636596 TT040604 SX50944985 RX87039266 QQ12738637 RW68548410 RW16492883 SS59203400
BE87498370,SS35153331 WY3677521 RW16492883 SS59203400 TR7268030 QR36456605 RW87953346 QX64837767 SS59203400 WY3677521 SS35153331 RX14849271 XX0504585 QR5703643 SX9811473 SS15756640 SP03210851 RW32029489 TQ03636596 TT040604 SX50944985 RX87039266 QQ12738637 RW68548410 RW16492883 SS59203400
BF15805774,SS35153331 WY3677521 RW16492883 SS59203400 TR7268030 QR36456605 RW87953346 QX64837767 SS59203400 WY3677521 SS35153331 RX14849271 XX0504585 QR5703643 SX9811473 SS15756640 SP03210851 RW32029489 TQ03636596 TT040604 SX50944985 RX87039266 QQ12738637 RW68548410 RW16492883 SS59203400
BF20424871,SS35153331 WY3677521 RW16492883 SS59203400 TR7268030 QR36456605 RW87953346 QX64837767 SS59203400 WY3677521 SS35153331 RX14849271 XX0504585 QR5703643 SX9811473 SS15756640 SP03210851 RW32029489 TQ03636596 TT040604 SX50944985 RX87039266 QQ12738637 RW68548410 RW16492883 SS59203400
BF24520597,SS35153331 WY3677521 RW16492883 SS59203400 TR7268030 QR36456605 RW87953346 QX64837767 SS59203400 WY3677521 SS35153331 RX14849271 XX0504585 QR5703643 SX9811473 SS15756640 SP03210851 RW32029489 TQ03636596 TT040604 SX50944985 RX87039266 QQ12738637 RW68548410 RW16492883 SS59203400
BF39795814,SS35153331 WY3677521 RW16492883 SS59203400 TR7268030 QR36456605 RW87953346 QX64837767 SS59203400 WY3677521 SS35153331 RX14849271 XX0504585 QR5703643 SX9811473 SS15756640 SP03210851 RW32029489 TQ03636596 TT040604 SX50944985 RX87039266 QQ12738637 RW68548410 RW16492883 SS59203400
BF44786140,SS35153331 WY3677521 RW16492883 SS59203400 TR7268030 QR36456605 RW87953346 QX64837767 SS59203400 WY3677521 SS35153331 RX14849271 XX0504585 QR5703643 SX9811473 SS15756640 SP03210851 RW32029489 TQ03636596 TT040604 SX50944985 RX87039266 QQ12738637 RW68548410 RW16492883 SS59203400
BF55282107,SS35153331 WY3677521 RW16492883 SS59203400 TR7268030 QR36456605 RW87953346 QX64837767 SS59203400 WY3677521 SS35153331 RX14849271 XX0504585 QR5703643 SX9811473 SS15756640 SP03210851 RW32029489 TQ03636596 TT040604 SX50944985 RX87039266 QQ12738637 RW68548410 RW16492883 SS59203400
BF61107146,SS35153331 WY3677521 RW16492883 SS59203400 TR7268030 QR36456605 RW87953346 QX64837767 SS59203400 WY3677521 SS35153331 RX14849271 XX0504585 QR5703643 SX9811473 SS15756640 SP03210851 RW32029489 TQ03636596 TT040604 SX50944985 RX87039266 QQ12738637 RW68548410 RW16492883 SS59203400
BF65310892,SS35153331 WY3677521 RW16492883 SS59203400 TR7268030 QR36456605 RW87953346 QX64837767 SS59203400 WY3677521 SS35153331 RX14849271 XX0504585 QR5703643 SX9811473 SS15756640 SP03210851 RW32029489 TQ03636596 TT040604 SX50944985 RX87039266 QQ12738637 RW68548410 RW16492883 SS59203400
BG14557413,SS35153331 WY3677521 RW16492883 SS59203400 TR7268030 QR36456605 RW87953346 QX64837767 SS59203400 WY3677521 SS35153331 RX14849271 XX0504585 QR5703643 SX9811473 SS15756640 SP03210851 RW32029489 TQ03636596 TT040604 SX50944985 RX87039266 QQ12738637 RW68548410 RW16492883 SS59203400
BG41930443,SS35153331 WY3677521 RW16492883 SS59203400 TR7268030 QR36456605 RW87953346 QX64837767 SS59203400 WY3677521 SS35153331 RX14849271 XX0504585 QR5703643 SX9811473 SS15756640 SP03210851 RW32029489 TQ03636596 TT040604 SX50944985 RX87039266 QQ12738637 RW68548410 RW16492883 SS59203400
BG61089307,SS35153331 WY3677521 RW16492883 SS59203400 TR7268030 QR36456605 RW87953346 QX64837767 SS59203400 WY3677521 SS35153331 RX14849271 XX0504585 QR5703643 SX9811473 SS15756640 SP03210851 RW32029489 TQ03636596 TT040604 SX50944985 RX87039266 QQ12738637 RW68548410 RW16492883 SS59203400
BG83687851,SS35153331 WY3677521 RW16492883 SS59203400 TR7268030 QR36456605 RW87953346 QX64837767 SS59203400 WY3677521 SS35153331 RX14849271 XX0504585 QR5703643 SX9811473 SS15756640 SP03210851 RW32029489 TQ03636596 TT040604 SX50944985 RX87039266 QQ12738637 RW68548410 RW16492883 SS59203400
BG84440449,SS35153331 WY3677521 RW16492883 SS59203400 TR7268030 QR36456605 RW87953346 QX64837767 SS59203400 WY3677521 SS35153331 RX14849271 XX0504585 QR5703643 SX9811473 SS15756640 SP03210851 RW32029489 TQ03636596 TT040604 SX50944985 RX87039266 QQ12738637 RW68548410 RW16492883 SS59203400
BG96780091,SS35153331 WY3677521 RW16492883 SS59203400 TR7268030 QR36456605 RW87953346 QX64837767 SS59203400 WY3677521 SS35153331 RX14849271 XX0504585 QR5703643 SX9811473 SS15756640 SP03210851 RW32029489 TQ03636596 TT040604 SX50944985 RX87039266 QQ12738637 RW68548410 RW16492883 SS59203400
BH12635579,SS35153331 WY3677521 RW16492883 SS59203400 TR7268030 QR36456605 RW87953346 QX64837767 SS59203400 WY3677521 SS35153331 RX14849271 XX0504585 QR5703643 SX9811473 SS15756640 SP03210851 RW32029489 TQ03636596 TT040604 SX50944985 RX87039266 QQ12738637 RW68548410 RW16492883 SS59203400
BH42267789,SS35153331 WY3677521 RW16492883 SS59203400 TR7268030 QR36456605 RW87953346 QX64837767 SS59203400 WY3677521 SS35153331 RX14849271 XX0504585 QR5703643 SX9811473 SS15756640 SP03210851 RW32029489 TQ03636596 TT040604 SX50944985 RX87039266 QQ12738637 RW68548410 RW16492883 SS59203400
BH76705938,SS35153331 WY3677521 RW16492883 SS59203400 TR7268030 QR36456605 RW87953346 QX64837767 SS59203400 WY3677521 SS35153331 RX14849271 XX0504585 QR5703643 SX9811473 SS15756640 SP03210851 RW32029489 TQ03636596 TT040604 SX50944985 RX87039266 QQ12738637 RW68548410 RW16492883 SS59203400
BI10026348,SS35153331 WY3677521 RW16492883 SS59203400 TR7268030 QR36456605 RW87953346 QX64837767 SS59203400 WY3677521 SS35153331 RX14849271 XX0504585 QR5703643 SX9811473 SS15756640 SP03210851 RW32029489 TQ03636596 TT040604 SX50944985 RX87039266 QQ12738637 RW68548410 RW16492883 SS59203400
BI15513076,SS35153331 WY3677521 RW16492883 SS59203400 TR7268030 QR36456605 RW87953346 QX64837767 SS59203400 WY3677521 SS35153331 RX14849271 XX0504585 QR5703643 SX9811473 SS15756640 SP03210851 RW32029489 TQ03636596 TT040604 SX50944985 RX87039266 QQ12738637 RW68548410 RW16492883 SS59203400
BI27991074,SS35153331 WY3677521 RW16492883 SS59203400 TR7268030 QR36456605 RW87953346 QX64837767 SS59203400 WY3677521 SS35153331 RX14849271 XX0504585 QR5703643 SX9811473 SS15756640 SP03210851 RW32029489 TQ03636596 TT040604 SX50944985 RX87039266 QQ12738637 RW68548410 RW16492883 SS59203400
BI47581168,SS35153331 WY3677521 RW16492883 SS59203400 TR7268030 QR36456605 RW87953346 QX64837767 SS59203400 WY3677521 SS35153331 RX14849271 XX0504585 QR5703643 SX9811473 SS15756640 SP03210851 RW32029489 TQ03636596 TT040604 SX50944985 RX87039266 QQ12738637 RW68548410 RW16492883 SS59203400
BI54575078,SS35153331 WY3677521 RW16492883 SS59203400 TR7268030 QR36456605 RW87953346 QX64837767 SS59203400 WY3677521 SS35153331 RX14849271 XX0504585 QR5703643 SX9811473 SS15756640 SP03210851 RW32029489 TQ03636596 TT040604 SX50944985 RX87039266 QQ12738637 RW68548410 RW16492883 SS59203400
BI72064755,SS35153331 WY3677521 RW16492883 SS59203400 TR7268030 QR36456605 RW87953346 QX64837767 SS59203400 WY3677521 SS35153331 RX14849271 XX0504585 QR5703643 SX9811473 SS15756640 SP03210851 RW32029489 TQ03636596 TT040604 SX50944985 RX87039266 QQ12738637 RW68548410 RW16492883 SS59203400
BI79127286,SS35153331 WY3677521 RW16492883 SS59203400 TR7268030 QR36456605 RW87953346 QX64837767 SS59203400 WY3677521 SS35153331 RX14849271 XX0504585 QR5703643 SX9811473 SS15756640 SP03210851 RW32029489 TQ03636596 TT040604 SX50944985 RX87039266 QQ12738637 RW68548410 RW16492883 SS59203400
BI82928667,SS35153331 WY3677521 RW16492883 SS59203400 TR7268030 QR36456605 RW87953346 QX64837767 SS59203400 WY3677521 SS35153331 RX14849271 XX0504585 QR5703643 SX9811473 SS15756640 SP03210851 RW32029489 TQ03636596 TT040604 SX50944985 RX87039266 QQ12738637 RW68548410 RW16492883 SS59203400
BJ64994682,SS35153331 WY3677521 RW16492883 SS59203400 TR7268030 QR36456605 RW87953346 QX64837767 SS59203400 WY3677521 SS35153331 RX14849271 XX0504585 QR5703643 SX9811473 SS15756640 SP03210851 RW32029489 TQ03636596 TT040604 SX50944985 RX87039266 QQ12738637 RW68548410 RW16492883 SS59203400
BJ72874413,SS35153331 WY3677521 RW16492883 SS59203400 TR7268030 QR36456605 RW87953346 QX64837767 SS59203400 WY3677521 SS35153331 RX14849271 XX0504585 QR5703643 SX9811473 SS15756640 SP03210851 RW32029489 TQ03636596 TT040604 SX50944985 RX87039266 QQ12738637 RW68548410 RW16492883 SS59203400
CA07776821,SS35153331 WY3677521 RW16492883 SS59203400 TR7268030 QR36456605 RW87953346 QX64837767 SS59203400 WY3677521 SS35153331 RX14849271 XX0504585 QR5703643 SX9811473 SS15756640 SP03210851 RW32029489 TQ03636596 TT040604 SX50944985 RX87039266 QQ12738637 RW68548410 RW16492883 SS59203400
CA27353775,SS35153331 WY3677521 RW16492883 SS59203400 TR7268030 QR36456605 RW87953346 QX64837767 SS59203400 WY3677521 SS35153331 RX14849271 XX0504585 QR5703643 SX9811473 SS15756640 SP03210851 RW32029489 TQ03636596 TT040604 SX50944985 RX87039266 QQ12738637 RW68548410 RW16492883 SS59203400
CA56169186,SS35153331 WY3677521 RW16492883 SS59203400 TR7268030 QR36456605 RW87953346 QX64837767 SS59203400 WY3677521 SS35153331 RX14849271 XX0504585 QR5703643 SX9811473 SS15756640 SP03210851 RW32029489 TQ03636596 TT040604 SX50944985 RX87039266 QQ12738637 RW68548410 RW16492883 SS59203400
CB24468398,SS35153331 WY3677521 RW16492883 SS59203400 TR7268030 QR36456605 RW87953346 QX64837767 SS59203400 WY3677521 SS35153331 RX14849271 XX0504585 QR5703643 SX9811473 SS15756640 SP03210851 RW32029489 TQ03636596 TT040604 SX50944985 RX87039266 QQ12738637 RW68548410 RW16492883 SS59203400
CB77461994,SS35153331 WY3677521 RW16492883 SS59203400 TR7268030 QR36456605 RW87953346 QX64837767 SS59203400 WY3677521 SS35153331 RX14849271 XX0504585 QR5703643 SX9811473 SS15756640 SP03210851 RW32029489 TQ03636596 TT040604 SX50944985 RX87039266 QQ12738637 RW68548410 RW16492883 SS59203400
CB85852179,SS35153331 WY3677521 RW16492883 SS59203400 TR7268030 QR36456605 RW87953346 QX64837767 SS59203400 WY3677521 SS35153331 RX14849271 XX0504585 QR5703643 SX9811473 SS15756640 SP03210851 RW32029489 TQ03636596 TT040604 SX50944985 RX87039266 QQ12738637 RW68548410 RW16492883 SS59203400
CB87183134,SS35153331 WY3677521 RW16492883 SS59203400 TR7268030 QR36456605 RW87953346 QX64837767 SS59203400 WY3677521 SS35153331 RX14849271 XX0504585 QR5703643 SX9811473 SS15756640 SP03210851 RW32029489 TQ03636596 TT040604 SX50944985 RX87039266 QQ12738637 RW68548410 RW16492883 SS59203400
CC06472604,SS35153331 WY3677521 RW16492883 SS59203400 TR7268030 QR36456605 RW87953346 QX64837767 SS59203400 WY3677521 SS35153331 RX14849271 XX0504585 QR5703643 SX9811473 SS15756640 SP03210851 RW32029489 TQ03636596 TT040604 SX50944985 RX87039266 QQ12738637 RW68548410 RW16492883 SS59203400
CD13021179,SS35153331 WY3677521 RW16492883 SS59203400 TR7268030 QR36456605 RW87953346 QX64837767 SS59203400 WY3677521 SS35153331 RX14849271 XX0504585 QR5703643 SX9811473 SS15756640 SP03210851 RW32029489 TQ03636596 TT040604 SX50944985 RX87039266 QQ12738637 RW68548410 RW16492883 SS59203400
CD17630684,SS35153331 WY3677521 RW16492883 SS59203400 TR7268030 QR36456605 RW87953346 QX64837767 SS59203400 WY3677521 SS35153331 RX14849271 XX0504585 QR5703643 SX9811473 SS15756640 SP03210851 RW32029489 TQ03636596 TT040604 SX50944985 RX87039266 QQ12738637 RW68548410 RW16492883 SS59203400
CD37182196,SS35153331 WY3677521 RW16492883 SS59203400 TR7268030 QR36456605 RW87953346 QX64837767 SS59203400 WY3677521 SS35153331 RX14849271 XX0504585 QR5703643 SX9811473 SS15756640 SP03210851 RW32029489 TQ03636596 TT040604 SX50944985 RX87039266 QQ12738637 RW68548410 RW16492883 SS59203400
CD61587577,SS35153331 WY3677521 RW16492883 SS59203400 TR7268030 QR36456605 RW87953346 QX64837767 SS59203400 WY3677521 SS35153331 RX14849271 XX0504585 QR5703643 SX9811473 SS15756640 SP03210851 RW32029489 TQ03636596 TT040604 SX50944985 RX87039266 QQ12738637 RW68548410 RW16492883 SS59203400
CD84215566,SS35153331 WY3677521 RW16492883 SS59203400 TR7268030 QR36456605 RW87953346 QX64837767 SS59203400 WY3677521 SS35153331 RX14849271 XX0504585 QR5703643 SX9811473 SS15756640 SP03210851 RW32029489 TQ03636596 TT040604 SX50944985 RX87039266 QQ12738637 RW68548410 RW16492883 SS59203400
CD86208218,SS35153331 WY3677521 RW16492883 SS59203400 TR7268030 QR36456605 RW87953346 QX64837767 SS59203400 WY3677521 SS35153331 RX14849271 XX0504585 QR5703643 SX9811473 SS15756640 SP03210851 RW32029489 TQ03636596 TT040604 SX50944985 RX87039266 QQ12738637 RW68548410 RW16492883 SS59203400
CE13089165,SS35153331 WY3677521 RW16492883 SS59203400 TR7268030 QR36456605 RW87953346 QX64837767 SS59203400 WY3677521 SS35153331 RX14849271 XX0504585 QR5703643 SX9811473 SS15756640 SP03210851 RW32029489 TQ03636596 TT040604 SX50944985 RX87039266 QQ12738637 RW68548410 RW16492883 SS59203400
CE21584601,SS35153331 WY3677521 RW16492883 SS59203400 TR7268030 QR36456605 RW87953346 QX64837767 SS59203400 WY3677521 SS35153331 RX14849271 XX0504585 QR5703643 SX9811473 SS15756640 SP03210851 RW32029489 TQ03636596 TT040604 SX50944985 RX87039266 QQ12738637 RW68548410 RW16492883 SS59203400
CE77144867,SS35153331 WY3677521 RW16492883 SS59203400 TR7268030 QR36456605 RW87953346 QX64837767 SS59203400 WY3677521 SS35153331 RX14849271 XX0504585 QR5703643 SX9811473 SS15756640 SP03210851 RW32029489 TQ03636596 TT040604 SX50944985 RX87039266 QQ12738637 RW68548410 RW16492883 SS59203400
CE80681213,SS35153331 WY3677521 RW16492883 SS59203400 TR7268030 QR36456605 RW87953346 QX64837767 SS59203400 WY3677521 SS35153331 RX14849271 XX0504585 QR5703643 SX9811473 SS15756640 SP03210851 RW32029489 TQ03636596 TT040604 SX50944985 RX87039266 QQ12738637 RW68548410 RW16492883 SS59203400
CE93825465,SS35153331 WY3677521 RW16492883 SS59203400 TR7268030 QR36456605 RW87953346 QX64837767 SS59203400 WY3677521 SS35153331 RX14849271 XX0504585 QR5703643 SX9811473 SS15756640 SP03210851 RW32029489 TQ03636596 TT040604 SX50944985 RX87039266 QQ12738637 RW68548410 RW16492883 SS59203400
CE99645933,SS35153331 WY3677521 RW16492883 SS59203400 TR7268030 QR36456605 RW87953346 QX64837767 SS59203400 WY3677521 SS35153331 RX14849271 XX0504585 QR5703643 SX9811473 SS15756640 SP03210851 RW32029489 TQ03636596 TT040604 SX50944985 RX87039266 QQ12738637 RW68548410 RW16492883 SS59203400
CF15029406,SS35153331 WY3677521 RW16492883 SS59203400 TR7268030 QR36456605 RW87953346 QX64837767 SS59203400 WY3677521 SS35153331 RX14849271 XX0504585 QR5703643 SX9811473 SS15756640 SP03210851 RW32029489 TQ03636596 TT040604 SX50944985 RX87039266 QQ12738637 RW68548410 RW16492883 SS59203400
CF56133275,SS35153331 WY3677521 RW16492883 SS59203400 TR7268030 QR36456605 RW87953346 QX64837767 SS59203400 WY3677521 SS35153331 RX14849271 XX0504585 QR5703643 SX9811473 SS15756640 SP03210851 RW32029489 TQ03636596 TT040604 SX50944985 RX87039266 QQ12738637 RW68548410 RW16492883 SS59203400
CF73722639,SS35153331 WY3677521 RW16492883 SS59203400 TR7268030 QR36456605 RW87953346 QX64837767 SS59203400 WY3677521 SS35153331 RX14849271 XX0504585 QR5703643 SX9811473 SS15756640 SP03210851 RW32029489 TQ03636596 TT040604 SX50944985 RX87039266 QQ12738637 RW68548410 RW16492883 SS59203400
CF79352265,SS35153331 WY3677521 RW16492883 SS59203400 TR7268030 QR36456605 RW87953346 QX64837767 SS59203400 WY3677521 SS35153331 RX14849271 XX0504585 QR5703643 SX9811473 SS15756640 SP03210851 RW32029489 TQ03636596 TT040604 SX50944985 RX87039266 QQ12738637 RW68548410 RW16492883 SS59203400
CG16219713,SS35153331 WY3677521 RW16492883 SS59203400 TR7268030 QR36456605 RW87953346 QX64837767 SS59203400 WY3677521 SS35153331 RX14849271 XX0504585 QR5703643 SX9811473 SS15756640 SP03210851 RW32029489 TQ03636596 TT040604 SX50944985 RX87039266 QQ12738637 RW68548410 RW16492883 SS59203400
CG22502489,SS35153331 WY3677521 RW16492883 SS59203400 TR7268030 QR36456605 RW87953346 QX64837767 SS59203400 WY3677521 SS35153331 RX14849271 XX0504585 QR5703643 SX9811473 SS15756640 SP03210851 RW32029489 TQ03636596 TT040604 SX50944985 RX87039266 QQ12738637 RW68548410 RW16492883 SS59203400
CG37352610,SS35153331 WY3677521 RW16492883 SS59203400 TR7268030 QR36456605 RW87953346 QX64837767 SS59203400 WY3677521 SS35153331 RX14849271 XX0504585 QR5703643 SX9811473 SS15756640 SP03210851 RW32029489 TQ03636596 TT040604 SX50944985 RX87039266 QQ12738637 RW68548410 RW16492883 SS59203400
CG50571118,SS35153331 WY3677521 RW16492883 SS59203400 TR7268030 QR36456605 RW87953346 QX64837767 SS59203400 WY3677521 SS35153331 RX14849271 XX0504585 QR5703643 SX9811473 SS15756640 SP03210851 RW32029489 TQ03636596 TT040604 SX50944985 RX87039266 QQ12738637 RW68548410 RW16492883 SS59203400
CG68702555,SS35153331 WY3677521 RW16492883 SS59203400 TR7268030 QR36456605 RW87953346 QX64837767 SS59203400 WY3677521 SS35153331 RX14849271 XX0504585 QR5703643 SX9811473 SS15756640 SP03210851 RW32029489 TQ03636596 TT040604 SX50944985 RX87039266 QQ12738637 RW68548410 RW16492883 SS59203400
CG75088061,SS35153331 WY3677521 RW16492883 SS59203400 TR7268030 QR36456605 RW87953346 QX64837767 SS59203400 WY3677521 SS35153331 RX14849271 XX0504585 QR5703643 SX9811473 SS15756640 SP03210851 RW32029489 TQ03636596 TT040604 SX50944985 RX87039266 QQ12738637 RW68548410 RW16492883 SS59203400
CG78956041,SS35153331 WY3677521 RW16492883 SS59203400 TR7268030 QR36456605 RW87953346 QX64837767 SS59203400 WY3677521 SS35153331 RX14849271 XX0504585 QR5703643 SX9811473 SS15756640 SP03210851 RW32029489 TQ03636596 TT040604 SX50944985 RX87039266 QQ12738637 RW68548410 RW16492883 SS59203400
CG86965763,SS35153331 WY3677521 RW16492883 SS59203400 TR7268030 QR36456605 RW87953346 QX64837767 SS59203400 WY3677521 SS35153331 RX14849271 XX0504585 QR5703643 SX9811473 SS15756640 SP03210851 RW32029489 TQ03636596 TT040604 SX50944985 RX87039266 QQ12738637 RW68548410 RW16492883 SS59203400
CG89941153,SS35153331 WY3677521 RW16492883 SS59203400 TR7268030 QR36456605 RW87953346 QX64837767 SS59203400 WY3677521 SS35153331 RX14849271 XX0504585 QR5703643 SX9811473 SS15756640 SP03210851 RW32029489 TQ03636596 TT040604 SX50944985 RX87039266 QQ12738637 RW68548410 RW16492883 SS59203400
CH23711433,SS35153331 WY3677521 RW16492883 SS59203400 TR7268030 QR36456605 RW87953346 QX64837767 SS59203400 WY3677521 SS35153331 RX14849271 XX0504585 QR5703643 SX9811473 SS15756640 SP03210851 RW32029489 TQ03636596 TT040604 SX50944985 RX87039266 QQ12738637 RW68548410 RW16492883 SS59203400
CH26466130,SS35153331 WY3677521 RW16492883 SS59203400 TR7268030 QR36456605 RW87953346 QX64837767 SS59203400 WY3677521 SS35153331 RX14849271 XX0504585 QR5703643 SX9811473 SS15756640 SP03210851 RW32029489 TQ03636596 TT040604 SX50944985 RX87039266 QQ12738637 RW68548410 RW16492883 SS59203400
CH54172608,SS35153331 WY3677521 RW16492883 SS59203400 TR7268030 QR36456605 RW87953346 QX64837767 SS59203400 WY3677521 SS35153331 RX14849271 XX0504585 QR5703643 SX9811473 SS15756640 SP03210851 RW32029489 TQ03636596 TT040604 SX50944985 RX87039266 QQ12738637 RW68548410 RW16492883 SS59203400
CI15174275,SS35153331 WY3677521 RW16492883 SS59203400 TR7268030 QR36456605 RW87953346 QX64837767 SS59203400 WY3677521 SS35153331 RX14849271 XX0504585 QR5703643 SX9811473 SS15756640 SP03210851 RW32029489 TQ03636596 TT040604 SX50944985 RX87039266 QQ12738637 RW68548410 RW16492883 SS59203400
CI18909605,SS35153331 WY3677521 RW16492883 SS59203400 TR7268030 QR36456605 RW87953346 QX64837767 SS59203400 WY3677521 SS35153331 RX14849271 XX0504585 QR5703643 SX9811473 SS15756640 SP03210851 RW32029489 TQ03636596 TT040604 SX50944985 RX87039266 QQ12738637 RW68548410 RW16492883 SS59203400
CI25444746,SS35153331 WY3677521 RW16492883 SS59203400 TR7268030 QR36456605 RW87953346 QX64837767 SS59203400 WY3677521 SS35153331 RX14849271 XX0504585 QR5703643 SX9811473 SS15756640 SP03210851 RW32029489 TQ03636596 TT040604 SX50944985 RX87039266 QQ12738637 RW68548410 RW16492883 SS59203400
CI57166402,SS35153331 WY3677521 RW16492883 SS59203400 TR7268030 QR36456605 RW87953346 QX64837767 SS59203400 WY3677521 SS35153331 RX14849271 XX0504585 QR5703643 SX9811473 SS15756640 SP03210851 RW32029489 TQ03636596 TT040604 SX50944985 RX87039266 QQ12738637 RW68548410 RW16492883 SS59203400
CI67397699,SS35153331 WY3677521 RW16492883 SS59203400 TR7268030 QR36456605 RW87953346 QX64837767 SS59203400 WY3677521 SS35153331 RX14849271 XX0504585 QR5703643 SX9811473 SS15756640 SP03210851 RW32029489 TQ03636596 TT040604 SX50944985 RX87039266 QQ12738637 RW68548410 RW16492883 SS59203400
CJ30631258,SS35153331 WY3677521 RW16492883 SS59203400 TR7268030 QR36456605 RW87953346 QX64837767 SS59203400 WY3677521 SS35153331 RX14849271 XX0504585 QR5703643 SX9811473 SS15756640 SP03210851 RW32029489 TQ03636596 TT040604 SX50944985 RX87039266 QQ12738637 RW68548410 RW16492883 SS59203400
CJ45719859,SS35153331 WY3677521 RW16492883 SS59203400 TR7268030 QR36456605 RW87953346 QX64837767 SS59203400 WY3677521 SS35153331 RX14849271 XX0504585 QR5703643 SX9811473 SS15756640 SP03210851 RW32029489 TQ03636596 TT040604 SX50944985 RX87039266 QQ12738637 RW68548410 RW16492883 SS59203400
CJ58453070,SS35153331 WY3677521 RW16492883 SS59203400 TR7268030 QR36456605 RW87953346 QX64837767 SS59203400 WY3677521 SS35153331 RX14849271 XX0504585 QR5703643 SX9811473 SS15756640 SP03210851 RW32029489 TQ03636596 TT040604 SX50944985 RX87039266 QQ12738637 RW68548410 RW16492883 SS59203400
CJ75408825,SS35153331 WY3677521 RW16492883 SS59203400 TR7268030 QR36456605 RW87953346 QX64837767 SS59203400 WY3677521 SS35153331 RX14849271 XX0504585 QR5703643 SX9811473 SS15756640 SP03210851 RW32029489 TQ03636596 TT040604 SX50944985 RX87039266 QQ12738637 RW68548410 RW16492883 SS59203400
CJ93544760,SS35153331 WY3677521 RW16492883 SS59203400 TR7268030 QR36456605 RW87953346 QX64837767 SS59203400 WY3677521 SS35153331 RX14849271 XX0504585 QR5703643 SX9811473 SS15756640 SP03210851 RW32029489 TQ03636596 TT040604 SX50944985 RX87039266 QQ12738637 RW68548410 RW16492883 SS59203400
DA24528036,SS35153331 WY3677521 RW16492883 SS59203400 TR7268030 QR36456605 RW87953346 QX64837767 SS59203400 WY3677521 SS35153331 RX14849271 XX0504585 QR5703643 SX9811473 SS15756640 SP03210851 RW32029489 TQ03636596 TT040604 SX50944985 RX87039266 QQ12738637 RW68548410 RW16492883 SS59203400
DA63570853,SS35153331 WY3677521 RW16492883 SS59203400 TR7268030 QR36456605 RW87953346 QX64837767 SS59203400 WY3677521 SS35153331 RX14849271 XX0504585 QR5703643 SX9811473 SS15756640 SP03210851 RW32029489 TQ03636596 TT040604 SX50944985 RX87039266 QQ12738637 RW68548410 RW16492883 SS59203400
DA64141535,SS35153331 WY3677521 RW16492883 SS59203400 TR7268030 QR36456605 RW87953346 QX64837767 SS59203400 WY3677521 SS35153331 RX14849271 XX0504585 QR5703643 SX9811473 SS15756640 SP03210851 RW32029489 TQ03636596 TT040604 SX50944985 RX87039266 QQ12738637 RW68548410 RW16492883 SS59203400
DB10482182,SS35153331 WY3677521 RW16492883 SS59203400 TR7268030 QR36456605 RW87953346 QX64837767 SS59203400 WY3677521 SS35153331 RX14849271 XX0504585 QR5703643 SX9811473 SS15756640 SP03210851 RW32029489 TQ03636596 TT040604 SX50944985 RX87039266 QQ12738637 RW68548410 RW16492883 SS59203400
DB29779187,SS35153331 WY3677521 RW16492883 SS59203400 TR7268030 QR36456605 RW87953346 QX64837767 SS59203400 WY3677521 SS35153331 RX14849271 XX0504585 QR5703643 SX9811473 SS15756640 SP03210851 RW32029489 TQ03636596 TT040604 SX50944985 RX87039266 QQ12738637 RW68548410 RW16492883 SS59203400
DB56650528,SS35153331 WY3677521 RW16492883 SS59203400 TR7268030 QR36456605 RW87953346 QX64837767 SS59203400 WY3677521 SS35153331 RX14849271 XX0504585 QR5703643 SX9811473 SS15756640 SP03210851 RW32029489 TQ03636596 TT040604 SX50944985 RX87039266 QQ12738637 RW68548410 RW16492883 SS59203400
DC03593930,SS35153331 WY3677521 RW16492883 SS59203400 TR7268030 QR36456605 RW87953346 QX64837767 SS59203400 WY3677521 SS35153331 RX14849271 XX0504585 QR5703643 SX9811473 SS15756640 SP03210851 RW32029489 TQ03636596 TT040604 SX50944985 RX87039266 QQ12738637 RW68548410 RW16492883 SS59203400
DC21545220,SS35153331 WY3677521 RW16492883 SS59203400 TR7268030 QR36456605 RW87953346 QX64837767 SS59203400 WY3677521 SS35153331 RX14849271 XX0504585 QR5703643 SX9811473 SS15756640 SP03210851 RW32029489 TQ03636596 TT040604 SX50944985 RX87039266 QQ12738637 RW68548410 RW16492883 SS59203400
DC44428383,SS35153331 WY3677521 RW16492883 SS59203400 TR7268030 QR36456605 RW87953346 QX64837767 SS59203400 WY3677521 SS35153331 RX14849271 XX0504585 QR5703643 SX9811473 SS15756640 SP03210851 RW32029489 TQ03636596 TT040604 SX50944985 RX87039266 QQ12738637 RW68548410 RW16492883 SS59203400
DC48992473,SS35153331 WY3677521 RW16492883 SS59203400 TR7268030 QR36456605 RW87953346 QX64837767 SS59203400 WY3677521 SS35153331 RX14849271 XX0504585 QR5703643 SX9811473 SS15756640 SP03210851 RW32029489 TQ03636596 TT040604 SX50944985 RX87039266 QQ12738637 RW68548410 RW16492883 SS59203400
DC70633490,SS35153331 WY3677521 RW16492883 SS59203400 TR7268030 QR36456605 RW87953346 QX64837767 SS59203400 WY3677521 SS35153331 RX14849271 XX0504585 QR5703643 SX9811473 SS15756640 SP03210851 RW32029489 TQ03636596 TT040604 SX50944985 RX87039266 QQ12738637 RW68548410 RW16492883 SS59203400
DC81890361,SS35153331 WY3677521 RW16492883 SS59203400 TR7268030 QR36456605 RW87953346 QX64837767 SS59203400 WY3677521 SS35153331 RX14849271 XX0504585 QR5703643 SX9811473 SS15756640 SP03210851 RW32029489 TQ03636596 TT040604 SX50944985 RX87039266 QQ12738637 RW68548410 RW16492883 SS59203400
DC82478477,SS35153331 WY3677521 RW16492883 SS59203400 TR7268030 QR36456605 RW87953346 QX64837767 SS59203400 WY3677521 SS35153331 RX14849271 XX0504585 QR5703643 SX9811473 SS15756640 SP03210851 RW32029489 TQ03636596 TT040604 SX50944985 RX87039266 QQ12738637 RW68548410 RW16492883 SS59203400
DD08369328,SS35153331 WY3677521 RW16492883 SS59203400 TR7268030 QR36456605 RW87953346 QX64837767 SS59203400 WY3677521 SS35153331 RX14849271 XX0504585 QR5703643 SX9811473 SS15756640 SP03210851 RW32029489 TQ03636596 TT040604 SX50944985 RX87039266 QQ12738637 RW68548410 RW16492883 SS59203400
DD17432819,SS35153331 WY3677521 RW16492883 SS59203400 TR7268030 QR36456605 RW87953346 QX64837767 SS59203400 WY3677521 SS35153331 RX14849271 XX0504585 QR5703643 SX9811473 SS15756640 SP03210851 RW32029489 TQ03636596 TT040604 SX50944985 RX87039266 QQ12738637 RW68548410 RW16492883 SS59203400
DD29238167,SS35153331 WY3677521 RW16492883 SS59203400 TR7268030 QR36456605 RW87953346 QX64837767 SS59203400 WY3677521 SS35153331 RX14849271 XX0504585 QR5703643 SX9811473 SS15756640 SP03210851 RW32029489 TQ03636596 TT040604 SX50944985 RX87039266 QQ12738637 RW68548410 RW16492883 SS59203400
DD36162241,SS35153331 WY3677521 RW16492883 SS59203400 TR7268030 QR36456605 RW87953346 QX64837767 SS59203400 WY3677521 SS35153331 RX14849271 XX0504585 QR5703643 SX9811473 SS15756640 SP03210851 RW32029489 TQ03636596 TT040604 SX50944985 RX87039266 QQ12738637 RW68548410 RW16492883 SS59203400
DD53825628,SS35153331 WY3677521 RW16492883 SS59203400 TR7268030 QR36456605 RW87953346 QX64837767 SS59203400 WY3677521 SS35153331 RX14849271 XX0504585 QR5703643 SX9811473 SS15756640 SP03210851 RW32029489 TQ03636596 TT040604 SX50944985 RX87039266 QQ12738637 RW68548410 RW16492883 SS59203400
DD84998777,SS35153331 WY3677521 RW16492883 SS59203400 TR7268030 QR36456605 RW87953346 QX64837767 SS59203400 WY3677521 SS35153331 RX14849271 XX0504585 QR5703643 SX9811473 SS15756640 SP03210851 RW32029489 TQ03636596 TT040604 SX50944985 RX87039266 QQ12738637 RW68548410 RW16492883 SS59203400
DD87377708,SS35153331 WY3677521 RW16492883 SS59203400 TR7268030 QR36456605 RW87953346 QX64837767 SS59203400 WY3677521 SS35153331 RX14849271 XX0504585 QR5703643 SX9811473 SS15756640 SP03210851 RW32029489 TQ03636596 TT040604 SX50944985 RX87039266 QQ12738637 RW68548410 RW16492883 SS59203400
DD93069828,SS35153331 WY3677521 RW16492883 SS59203400 TR7268030 QR36456605 RW87953346 QX64837767 SS59203400 WY3677521 SS35153331 RX14849271 XX0504585 QR5703643 SX9811473 SS15756640 SP03210851 RW32029489 TQ03636596 TT040604 SX50944985 RX87039266 QQ12738637 RW68548410 RW16492883 SS59203400
DD98074284,SS35153331 WY3677521 RW16492883 SS59203400 TR7268030 QR36456605 RW87953346 QX64837767 SS59203400 WY3677521 SS35153331 RX14849271 XX0504585 QR5703643 SX9811473 SS15756640 SP03210851 RW32029489 TQ03636596 TT040604 SX50944985 RX87039266 QQ12738637 RW68548410 RW16492883 SS59203400
DE49620252,SS35153331 WY3677521 RW16492883 SS59203400 TR7268030 QR36456605 RW87953346 QX64837767 SS59203400 WY3677521 SS35153331 RX14849271 XX0504585 QR5703643 SX9811473 SS15756640 SP03210851 RW32029489 TQ03636596 TT040604 SX50944985 RX87039266 QQ12738637 RW68548410 RW16492883 SS59203400
DE74033611,SS35153331 WY3677521 RW16492883 SS59203400 TR7268030 QR36456605 RW87953346 QX64837767 SS59203400 WY3677521 SS35153331 RX14849271 XX0504585 QR5703643 SX9811473 SS15756640 SP03210851 RW32029489 TQ03636596 TT040604 SX50944985 RX87039266 QQ12738637 RW68548410 RW16492883 SS59203400
DE82692814,SS35153331 WY3677521 RW16492883 SS59203400 TR7268030 QR36456605 RW87953346 QX64837767 SS59203400 WY3677521 SS35153331 RX14849271 XX0504585 QR5703643 SX9811473 SS15756640 SP03210851 RW32029489 TQ03636596 TT040604 SX50944985 RX87039266 QQ12738637 RW68548410 RW16492883 SS59203400
DF08561523,SS35153331 WY3677521 RW16492883 SS59203400 TR7268030 QR36456605 RW87953346 QX64837767 SS59203400 WY3677521 SS35153331 RX14849271 XX0504585 QR5703643 SX9811473 SS15756640 SP03210851 RW32029489 TQ03636596 TT040604 SX50944985 RX87039266 QQ12738637 RW68548410 RW16492883 SS59203400
DF49860217,SS35153331 WY3677521 RW16492883 SS59203400 TR7268030 QR36456605 RW87953346 QX64837767 SS59203400 WY3677521 SS35153331 RX14849271 XX0504585 QR5703643 SX9811473 SS15756640 SP03210851 RW32029489 TQ03636596 TT040604 SX50944985 RX87039266 QQ12738637 RW68548410 RW16492883 SS59203400
DF50832930,SS35153331 WY3677521 RW16492883 SS59203400 TR7268030 QR36456605 RW87953346 QX64837767 SS59203400 WY3677521 SS35153331 RX14849271 XX0504585 QR5703643 SX9811473 SS15756640 SP03210851 RW32029489 TQ03636596 TT040604 SX50944985 RX87039266 QQ12738637 RW68548410 RW16492883 SS59203400
DF80128452,SS35153331 WY3677521 RW16492883 SS59203400 TR7268030 QR36456605 RW87953346 QX64837767 SS59203400 WY3677521 SS35153331 RX14849271 XX0504585 QR5703643 SX9811473 SS15756640 SP03210851 RW32029489 TQ03636596 TT040604 SX50944985 RX87039266 QQ12738637 RW68548410 RW16492883 SS59203400
DF94171699,SS35153331 WY3677521 RW16492883 SS59203400 TR7268030 QR36456605 RW87953346 QX64837767 SS59203400 WY3677521 SS35153331 RX14849271 XX0504585 QR5703643 SX9811473 SS15756640 SP03210851 RW32029489 TQ03636596 TT040604 SX50944985 RX87039266 QQ12738637 RW68548410 RW16492883 SS59203400
DG01599789,SS35153331 WY3677521 RW16492883 SS59203400 TR7268030 QR36456605 RW87953346 QX64837767 SS59203400 WY3677521 SS35153331 RX14849271 XX0504585 QR5703643 SX9811473 SS15756640 SP03210851 RW32029489 TQ03636596 TT040604 SX50944985 RX87039266 QQ12738637 RW68548410 RW16492883 SS59203400
DG15297413,SS35153331 WY3677521 RW16492883 SS59203400 TR7268030 QR36456605 RW87953346 QX64837767 SS59203400 WY3677521 SS35153331 RX14849271 XX0504585 QR5703643 SX9811473 SS15756640 SP03210851 RW32029489 TQ03636596 TT040604 SX50944985 RX87039266 QQ12738637 RW68548410 RW16492883 SS59203400
DG37069534,SS35153331 WY3677521 RW16492883 SS59203400 TR7268030 QR36456605 RW87953346 QX64837767 SS59203400 WY3677521 SS35153331 RX14849271 XX0504585 QR5703643 SX9811473 SS15756640 SP03210851 RW32029489 TQ03636596 TT040604 SX50944985 RX87039266 QQ12738637 RW68548410 RW16492883 SS59203400
DG82151225,SS35153331 WY3677521 RW16492883 SS59203400 TR7268030 QR36456605 RW87953346 QX64837767 SS59203400 WY3677521 SS35153331 RX14849271 XX0504585 QR5703643 SX9811473 SS15756640 SP03210851 RW32029489 TQ03636596 TT040604 SX50944985 RX87039266 QQ12738637 RW68548410 RW16492883 SS59203400
DG97643704,SS35153331 WY3677521 RW16492883 SS59203400 TR7268030 QR36456605 RW87953346 QX64837767 SS59203400 WY3677521 SS35153331 RX14849271 XX0504585 QR5703643 SX9811473 SS15756640 SP03210851 RW32029489 TQ03636596 TT040604 SX50944985 RX87039266 QQ12738637 RW68548410 RW16492883 SS59203400
DH31356523,SS35153331 WY3677521 RW16492883 SS59203400 TR7268030 QR36456605 RW87953346 QX64837767 SS59203400 WY3677521 SS35153331 RX14849271 XX0504585 QR5703643 SX9811473 SS15756640 SP03210851 RW32029489 TQ03636596 TT040604 SX50944985 RX87039266 QQ12738637 RW68548410 RW16492883 SS59203400
DH64872798,SS35153331 WY3677521 RW16492883 SS59203400 TR7268030 QR36456605 RW87953346 QX64837767 SS59203400 WY3677521 SS35153331 RX14849271 XX0504585 QR5703643 SX9811473 SS15756640 SP03210851 RW32029489 TQ03636596 TT040604 SX50944985 RX87039266 QQ12738637 RW68548410 RW16492883 SS59203400
DH98708300,SS35153331 WY3677521 RW16492883 SS59203400 TR7268030 QR36456605 RW87953346 QX64837767 SS59203400 WY3677521 SS35153331 RX14849271 XX0504585 QR5703643 SX9811473 SS15756640 SP03210851 RW32029489 TQ03636596 TT040604 SX50944985 RX87039266 QQ12738637 RW68548410 RW16492883 SS59203400
DI04368962,SS35153331 WY3677521 RW16492883 SS59203400 TR7268030 QR36456605 RW87953346 QX64837767 SS59203400 WY3677521 SS35153331 RX14849271 XX0504585 QR5703643 SX9811473 SS15756640 SP03210851 RW32029489 TQ03636596 TT040604 SX50944985 RX87039266 QQ12738637 RW68548410 RW16492883 SS59203400
DI25327054,SS35153331 WY3677521 RW16492883 SS59203400 TR7268030 QR36456605 RW87953346 QX64837767 SS59203400 WY3677521 SS35153331 RX14849271 XX0504585 QR5703643 SX9811473 SS15756640 SP03210851 RW32029489 TQ03636596 TT040604 SX50944985 RX87039266 QQ12738637 RW68548410 RW16492883 SS59203400
DI49582471,SS35153331 WY3677521 RW16492883 SS59203400 TR7268030 QR36456605 RW87953346 QX64837767 SS59203400 WY3677521 SS35153331 RX14849271 XX0504585 QR5703643 SX9811473 SS15756640 SP03210851 RW32029489 TQ03636596 TT040604 SX50944985 RX87039266 QQ12738637 RW68548410 RW16492883 SS59203400
DI62811674,SS35153331 WY3677521 RW16492883 SS59203400 TR7268030 QR36456605 RW87953346 QX64837767 SS59203400 WY3677521 SS35153331 RX14849271 XX0504585 QR5703643 SX9811473 SS15756640 SP03210851 RW32029489 TQ03636596 TT040604 SX50944985 RX87039266 QQ12738637 RW68548410 RW16492883 SS59203400
DI82784583,SS35153331 WY3677521 RW16492883 SS59203400 TR7268030 QR36456605 RW87953346 QX64837767 SS59203400 WY3677521 SS35153331 RX14849271 XX0504585 QR5703643 SX9811473 SS15756640 SP03210851 RW32029489 TQ03636596 TT040604 SX50944985 RX87039266 QQ12738637 RW68548410 RW16492883 SS59203400
DI87899389,SS35153331 WY3677521 RW16492883 SS59203400 TR7268030 QR36456605 RW87953346 QX64837767 SS59203400 WY3677521 SS35153331 RX14849271 XX0504585 QR5703643 SX9811473 SS15756640 SP03210851 RW32029489 TQ03636596 TT040604 SX50944985 RX87039266 QQ12738637 RW68548410 RW16492883 SS59203400
DJ11822363,SS35153331 WY3677521 RW16492883 SS59203400 TR7268030 QR36456605 RW87953346 QX64837767 SS59203400 WY3677521 SS35153331 RX14849271 XX0504585 QR5703643 SX9811473 SS15756640 SP03210851 RW32029489 TQ03636596 TT040604 SX50944985 RX87039266 QQ12738637 RW68548410 RW16492883 SS59203400
DJ37992703,SS35153331 WY3677521 RW16492883 SS59203400 TR7268030 QR36456605 RW87953346 QX64837767 SS59203400 WY3677521 SS35153331 RX14849271 XX0504585 QR5703643 SX9811473 SS15756640 SP03210851 RW32029489 TQ03636596 TT040604 SX50944985 RX87039266 QQ12738637 RW68548410 RW16492883 SS59203400
DJ43899827,SS35153331 WY3677521 RW16492883 SS59203400 TR7268030 QR36456605 RW87953346 QX64837767 SS59203400 WY3677521 SS35153331 RX14849271 XX0504585 QR5703643 SX9811473 SS15756640 SP03210851 RW32029489 TQ03636596 TT040604 SX50944985 RX87039266 QQ12738637 RW68548410 RW16492883 SS59203400
DJ70062925,SS35153331 WY3677521 RW16492883 SS59203400 TR7268030 QR36456605 RW87953346 QX64837767 SS59203400 WY3677521 SS35153331 RX14849271 XX0504585 QR5703643 SX9811473 SS15756640 SP03210851 RW32029489 TQ03636596 TT040604 SX50944985 RX87039266 QQ12738637 RW68548410 RW16492883 SS59203400
EA22287072,SS35153331 WY3677521 RW16492883 SS59203400 TR7268030 QR36456605 RW87953346 QX64837767 SS59203400 WY3677521 SS35153331 RX14849271 XX0504585 QR5703643 SX9811473 SS15756640 SP03210851 RW32029489 TQ03636596 TT040604 SX50944985 RX87039266 QQ12738637 RW68548410 RW16492883 SS59203400
EA30525076,SS35153331 WY3677521 RW16492883 SS59203400 TR7268030 QR36456605 RW87953346 QX64837767 SS59203400 WY3677521 SS35153331 RX14849271 XX0504585 QR5703643 SX9811473 SS15756640 SP03210851 RW32029489 TQ03636596 TT040604 SX50944985 RX87039266 QQ12738637 RW68548410 RW16492883 SS59203400
EA40113414,SS35153331 WY3677521 RW16492883 SS59203400 TR7268030 QR36456605 RW87953346 QX64837767 SS59203400 WY3677521 SS35153331 RX14849271 XX0504585 QR5703643 SX9811473 SS15756640 SP03210851 RW32029489 TQ03636596 TT040604 SX50944985 RX87039266 QQ12738637 RW68548410 RW16492883 SS59203400
EA60379526,SS35153331 WY3677521 RW16492883 SS59203400 TR7268030 QR36456605 RW87953346 QX64837767 SS59203400 WY3677521 SS35153331 RX14849271 XX0504585 QR5703643 SX9811473 SS15756640 SP03210851 RW32029489 TQ03636596 TT040604 SX50944985 RX87039266 QQ12738637 RW68548410 RW16492883 SS59203400
EA78937413,SS35153331 WY3677521 RW16492883 SS59203400 TR7268030 QR36456605 RW87953346 QX64837767 SS59203400 WY3677521 SS35153331 RX14849271 XX0504585 QR5703643 SX9811473 SS15756640 SP03210851 RW32029489 TQ03636596 TT040604 SX50944985 RX87039266 QQ12738637 RW68548410 RW16492883 SS59203400
EA91804141,SS35153331 WY3677521 RW16492883 SS59203400 TR7268030 QR36456605 RW87953346 QX64837767 SS59203400 WY3677521 SS35153331 RX14849271 XX0504585 QR5703643 SX9811473 SS15756640 SP03210851 RW32029489 TQ03636596 TT040604 SX50944985 RX87039266 QQ12738637 RW68548410 RW16492883 SS59203400
EB04928393,SS35153331 WY3677521 RW16492883 SS59203400 TR7268030 QR36456605 RW87953346 QX64837767 SS59203400 WY3677521 SS35153331 RX14849271 XX0504585 QR5703643 SX9811473 SS15756640 SP03210851 RW32029489 TQ03636596 TT040604 SX50944985 RX87039266 QQ12738637 RW68548410 RW16492883 SS59203400
EB65509784,SS35153331 WY3677521 RW16492883 SS59203400 TR7268030 QR36456605 RW87953346 QX64837767 SS59203400 WY3677521 SS35153331 RX14849271 XX0504585 QR5703643 SX9811473 SS15756640 SP03210851 RW32029489 TQ03636596 TT040604 SX50944985 RX87039266 QQ12738637 RW68548410 RW16492883 SS59203400
EC44826201,SS35153331 WY3677521 RW16492883 SS59203400 TR7268030 QR36456605 RW87953346 QX64837767 SS59203400 WY3677521 SS35153331 RX14849271 XX0504585 QR5703643 SX9811473 SS15756640 SP03210851 RW32029489 TQ03636596 TT040604 SX50944985 RX87039266 QQ12738637 RW68548410 RW16492883 SS59203400
EC69957924,SS35153331 WY3677521 RW16492883 SS59203400 TR7268030 QR36456605 RW87953346 QX64837767 SS59203400 WY3677521 SS35153331 RX14849271 XX0504585 QR5703643 SX9811473 SS15756640 SP03210851 RW32029489 TQ03636596 TT040604 SX50944985 RX87039266 QQ12738637 RW68548410 RW16492883 SS59203400
EC89419892,SS35153331 WY3677521 RW16492883 SS59203400 TR7268030 QR36456605 RW87953346 QX64837767 SS59203400 WY3677521 SS35153331 RX14849271 XX0504585 QR5703643 SX9811473 SS15756640 SP03210851 RW32029489 TQ03636596 TT040604 SX50944985 RX87039266 QQ12738637 RW68548410 RW16492883 SS59203400
CD170479,SS35153331 WY3677521 RW16492883 SS59203400 TR7268030 QR36456605 RW87953346 QX64837767 SS59203400 WY3677521 SS35153331 RX14849271 XX0504585 QR5703643 SX9811473 SS15756640 SP03210851 RW32029489 TQ03636596 TT040604 SX50944985 RX87039266 QQ12738637 RW68548410 RW16492883 SS59203400
JF170590,SS35153331 WY3677521 RW16492883 SS59203400 TR7268030 QR36456605 RW87953346 QX64837767 SS59203400 WY3677521 SS35153331 RX14849271 XX0504585 QR5703643 SX9811473 SS15756640 SP03210851 RW32029489 TQ03636596 TT040604 SX50944985 RX87039266 QQ12738637 RW68548410 RW16492883 SS59203400
BC0053518,SS35153331 WY3677521 RW16492883 SS59203400 TR7268030 QR36456605 RW87953346 QX64837767 SS59203400 WY3677521 SS35153331 RX14849271 XX0504585 QR5703643 SX9811473 SS15756640 SP03210851 RW32029489 TQ03636596 TT040604 SX50944985 RX87039266 QQ12738637 RW68548410 RW16492883 SS59203400
BE7852768,SS35153331 WY3677521 RW16492883 SS59203400 TR7268030 QR36456605 RW87953346 QX64837767 SS59203400 WY3677521 SS35153331 RX14849271 XX0504585 QR5703643 SX9811473 SS15756640 SP03210851 RW32029489 TQ03636596 TT040604 SX50944985 RX87039266 QQ12738637 RW68548410 RW16492883 SS59203400
CA3050907,SS35153331 WY3677521 RW16492883 SS59203400 TR7268030 QR36456605 RW87953346 QX64837767 SS59203400 WY3677521 SS35153331 RX14849271 XX0504585 QR5703643 SX9811473 SS15756640 SP03210851 RW32029489 TQ03636596 TT040604 SX50944985 RX87039266 QQ12738637 RW68548410 RW16492883 SS59203400
CC1442949,SS35153331 WY3677521 RW16492883 SS59203400 TR7268030 QR36456605 RW87953346 QX64837767 SS59203400 WY3677521 SS35153331 RX14849271 XX0504585 QR5703643 SX9811473 SS15756640 SP03210851 RW32029489 TQ03636596 TT040604 SX50944985 RX87039266 QQ12738637 RW68548410 RW16492883 SS59203400
CG1990895,SS35153331 WY3677521 RW16492883 SS59203400 TR7268030 QR36456605 RW87953346 QX64837767 SS59203400 WY3677521 SS35153331 RX14849271 XX0504585 QR5703643 SX9811473 SS15756640 SP03210851 RW32029489 TQ03636596 TT040604 SX50944985 RX87039266 QQ12738637 RW68548410 RW16492883 SS59203400
CG5682801,SS35153331 WY3677521 RW16492883 SS59203400 TR7268030 QR36456605 RW87953346 QX64837767 SS59203400 WY3677521 SS35153331 RX14849271 XX0504585 QR5703643 SX9811473 SS15756640 SP03210851 RW32029489 TQ03636596 TT040604 SX50944985 RX87039266 QQ12738637 RW68548410 RW16492883 SS59203400
CH2886293,SS35153331 WY3677521 RW16492883 SS59203400 TR7268030 QR36456605 RW87953346 QX64837767 SS59203400 WY3677521 SS35153331 RX14849271 XX0504585 QR5703643 SX9811473 SS15756640 SP03210851 RW32029489 TQ03636596 TT040604 SX50944985 RX87039266 QQ12738637 RW68548410 RW16492883 SS59203400
CH5264384,SS35153331 WY3677521 RW16492883 SS59203400 TR7268030 QR36456605 RW87953346 QX64837767 SS59203400 WY3677521 SS35153331 RX14849271 XX0504585 QR5703643 SX9811473 SS15756640 SP03210851 RW32029489 TQ03636596 TT040604 SX50944985 RX87039266 QQ12738637 RW68548410 RW16492883 SS59203400
DA6422496,SS35153331 WY3677521 RW16492883 SS59203400 TR7268030 QR36456605 RW87953346 QX64837767 SS59203400 WY3677521 SS35153331 RX14849271 XX0504585 QR5703643 SX9811473 SS15756640 SP03210851 RW32029489 TQ03636596 TT040604 SX50944985 RX87039266 QQ12738637 RW68548410 RW16492883 SS59203400
DD6493147,SS35153331 WY3677521 RW16492883 SS59203400 TR7268030 QR36456605 RW87953346 QX64837767 SS59203400 WY3677521 SS35153331 RX14849271 XX0504585 QR5703643 SX9811473 SS15756640 SP03210851 RW32029489 TQ03636596 TT040604 SX50944985 RX87039266 QQ12738637 RW68548410 RW16492883 SS59203400
DF8368837,SS35153331 WY3677521 RW16492883 SS59203400 TR7268030 QR36456605 RW87953346 QX64837767 SS59203400 WY3677521 SS35153331 RX14849271 XX0504585 QR5703643 SX9811473 SS15756640 SP03210851 RW32029489 TQ03636596 TT040604 SX50944985 RX87039266 QQ12738637 RW68548410 RW16492883 SS59203400
EB9456233,SS35153331 WY3677521 RW16492883 SS59203400 TR7268030 QR36456605 RW87953346 QX64837767 SS59203400 WY3677521 SS35153331 RX14849271 XX0504585 QR5703643 SX9811473 SS15756640 SP03210851 RW32029489 TQ03636596 TT040604 SX50944985 RX87039266 QQ12738637 RW68548410 RW16492883 SS59203400
GF3909548,SS35153331 WY3677521 RW16492883 SS59203400 TR7268030 QR36456605 RW87953346 QX64837767 SS59203400 WY3677521 SS35153331 RX14849271 XX0504585 QR5703643 SX9811473 SS15756640 SP03210851 RW32029489 TQ03636596 TT040604 SX50944985 RX87039266 QQ12738637 RW68548410 RW16492883 SS59203400
HA0438783,SS35153331 WY3677521 RW16492883 SS59203400 TR7268030 QR36456605 RW87953346 QX64837767 SS59203400 WY3677521 SS35153331 RX14849271 XX0504585 QR5703643 SX9811473 SS15756640 SP03210851 RW32029489 TQ03636596 TT040604 SX50944985 RX87039266 QQ12738637 RW68548410 RW16492883 SS59203400
HC4978354,SS35153331 WY3677521 RW16492883 SS59203400 TR7268030 QR36456605 RW87953346 QX64837767 SS59203400 WY3677521 SS35153331 RX14849271 XX0504585 QR5703643 SX9811473 SS15756640 SP03210851 RW32029489 TQ03636596 TT040604 SX50944985 RX87039266 QQ12738637 RW68548410 RW16492883 SS59203400
HD8324703,SS35153331 WY3677521 RW16492883 SS59203400 TR7268030 QR36456605 RW87953346 QX64837767 SS59203400 WY3677521 SS35153331 RX14849271 XX0504585 QR5703643 SX9811473 SS15756640 SP03210851 RW32029489 TQ03636596 TT040604 SX50944985 RX87039266 QQ12738637 RW68548410 RW16492883 SS59203400
IC6927178,SS35153331 WY3677521 RW16492883 SS59203400 TR7268030 QR36456605 RW87953346 QX64837767 SS59203400 WY3677521 SS35153331 RX14849271 XX0504585 QR5703643 SX9811473 SS15756640 SP03210851 RW32029489 TQ03636596 TT040604 SX50944985 RX87039266 QQ12738637 RW68548410 RW16492883 SS59203400
IE0865386,SS35153331 WY3677521 RW16492883 SS59203400 TR7268030 QR36456605 RW87953346 QX64837767 SS59203400 WY3677521 SS35153331 RX14849271 XX0504585 QR5703643 SX9811473 SS15756640 SP03210851 RW32029489 TQ03636596 TT040604 SX50944985 RX87039266 QQ12738637 RW68548410 RW16492883 SS59203400
JA5852095,SS35153331 WY3677521 RW16492883 SS59203400 TR7268030 QR36456605 RW87953346 QX64837767 SS59203400 WY3677521 SS35153331 RX14849271 XX0504585 QR5703643 SX9811473 SS15756640 SP03210851 RW32029489 TQ03636596 TT040604 SX50944985 RX87039266 QQ12738637 RW68548410 RW16492883 SS59203400
BA17536864,SS35153331 WY3677521 RW16492883 SS59203400 TR7268030 QR36456605 RW87953346 QX64837767 SS59203400 WY3677521 SS35153331 RX14849271 XX0504585 QR5703643 SX9811473 SS15756640 SP03210851 RW32029489 TQ03636596 TT040604 SX50944985 RX87039266 QQ12738637 RW68548410 RW16492883 SS59203400
BA18886228,SS35153331 WY3677521 RW16492883 SS59203400 TR7268030 QR36456605 RW87953346 QX64837767 SS59203400 WY3677521 SS35153331 RX14849271 XX0504585 QR5703643 SX9811473 SS15756640 SP03210851 RW32029489 TQ03636596 TT040604 SX50944985 RX87039266 QQ12738637 RW68548410 RW16492883 SS59203400
BA30441254,SS35153331 WY3677521 RW16492883 SS59203400 TR7268030 QR36456605 RW87953346 QX64837767 SS59203400 WY3677521 SS35153331 RX14849271 XX0504585 QR5703643 SX9811473 SS15756640 SP03210851 RW32029489 TQ03636596 TT040604 SX50944985 RX87039266 QQ12738637 RW68548410 RW16492883 SS59203400
BA44598291,SS35153331 WY3677521 RW16492883 SS59203400 TR7268030 QR36456605 RW87953346 QX64837767 SS59203400 WY3677521 SS35153331 RX14849271 XX0504585 QR5703643 SX9811473 SS15756640 SP03210851 RW32029489 TQ03636596 TT040604 SX50944985 RX87039266 QQ12738637 RW68548410 RW16492883 SS59203400
BA67164735,SS35153331 WY3677521 RW16492883 SS59203400 TR7268030 QR36456605 RW87953346 QX64837767 SS59203400 WY3677521 SS35153331 RX14849271 XX0504585 QR5703643 SX9811473 SS15756640 SP03210851 RW32029489 TQ03636596 TT040604 SX50944985 RX87039266 QQ12738637 RW68548410 RW16492883 SS59203400
BA75126714,SS35153331 WY3677521 RW16492883 SS59203400 TR7268030 QR36456605 RW87953346 QX64837767 SS59203400 WY3677521 SS35153331 RX14849271 XX0504585 QR5703643 SX9811473 SS15756640 SP03210851 RW32029489 TQ03636596 TT040604 SX50944985 RX87039266 QQ12738637 RW68548410 RW16492883 SS59203400
BB50230846,SS35153331 WY3677521 RW16492883 SS59203400 TR7268030 QR36456605 RW87953346 QX64837767 SS59203400 WY3677521 SS35153331 RX14849271 XX0504585 QR5703643 SX9811473 SS15756640 SP03210851 RW32029489 TQ03636596 TT040604 SX50944985 RX87039266 QQ12738637 RW68548410 RW16492883 SS59203400
BD15208123,SS35153331 WY3677521 RW16492883 SS59203400 TR7268030 QR36456605 RW87953346 QX64837767 SS59203400 WY3677521 SS35153331 RX14849271 XX0504585 QR5703643 SX9811473 SS15756640 SP03210851 RW32029489 TQ03636596 TT040604 SX50944985 RX87039266 QQ12738637 RW68548410 RW16492883 SS59203400
BD36647234,SS35153331 WY3677521 RW16492883 SS59203400 TR7268030 QR36456605 RW87953346 QX64837767 SS59203400 WY3677521 SS35153331 RX14849271 XX0504585 QR5703643 SX9811473 SS15756640 SP03210851 RW32029489 TQ03636596 TT040604 SX50944985 RX87039266 QQ12738637 RW68548410 RW16492883 SS59203400
BD45896548,SS35153331 WY3677521 RW16492883 SS59203400 TR7268030 QR36456605 RW87953346 QX64837767 SS59203400 WY3677521 SS35153331 RX14849271 XX0504585 QR5703643 SX9811473 SS15756640 SP03210851 RW32029489 TQ03636596 TT040604 SX50944985 RX87039266 QQ12738637 RW68548410 RW16492883 SS59203400
BD50285710,SS35153331 WY3677521 RW16492883 SS59203400 TR7268030 QR36456605 RW87953346 QX64837767 SS59203400 WY3677521 SS35153331 RX14849271 XX0504585 QR5703643 SX9811473 SS15756640 SP03210851 RW32029489 TQ03636596 TT040604 SX50944985 RX87039266 QQ12738637 RW68548410 RW16492883 SS59203400
BF48216840,SS35153331 WY3677521 RW16492883 SS59203400 TR7268030 QR36456605 RW87953346 QX64837767 SS59203400 WY3677521 SS35153331 RX14849271 XX0504585 QR5703643 SX9811473 SS15756640 SP03210851 RW32029489 TQ03636596 TT040604 SX50944985 RX87039266 QQ12738637 RW68548410 RW16492883 SS59203400
BF53019839,SS35153331 WY3677521 RW16492883 SS59203400 TR7268030 QR36456605 RW87953346 QX64837767 SS59203400 WY3677521 SS35153331 RX14849271 XX0504585 QR5703643 SX9811473 SS15756640 SP03210851 RW32029489 TQ03636596 TT040604 SX50944985 RX87039266 QQ12738637 RW68548410 RW16492883 SS59203400
BF67057770,SS35153331 WY3677521 RW16492883 SS59203400 TR7268030 QR36456605 RW87953346 QX64837767 SS59203400 WY3677521 SS35153331 RX14849271 XX0504585 QR5703643 SX9811473 SS15756640 SP03210851 RW32029489 TQ03636596 TT040604 SX50944985 RX87039266 QQ12738637 RW68548410 RW16492883 SS59203400
BF77437083,SS35153331 WY3677521 RW16492883 SS59203400 TR7268030 QR36456605 RW87953346 QX64837767 SS59203400 WY3677521 SS35153331 RX14849271 XX0504585 QR5703643 SX9811473 SS15756640 SP03210851 RW32029489 TQ03636596 TT040604 SX50944985 RX87039266 QQ12738637 RW68548410 RW16492883 SS59203400
BF97392855,SS35153331 WY3677521 RW16492883 SS59203400 TR7268030 QR36456605 RW87953346 QX64837767 SS59203400 WY3677521 SS35153331 RX14849271 XX0504585 QR5703643 SX9811473 SS15756640 SP03210851 RW32029489 TQ03636596 TT040604 SX50944985 RX87039266 QQ12738637 RW68548410 RW16492883 SS59203400
BG12038297,SS35153331 WY3677521 RW16492883 SS59203400 TR7268030 QR36456605 RW87953346 QX64837767 SS59203400 WY3677521 SS35153331 RX14849271 XX0504585 QR5703643 SX9811473 SS15756640 SP03210851 RW32029489 TQ03636596 TT040604 SX50944985 RX87039266 QQ12738637 RW68548410 RW16492883 SS59203400
BG96361679,SS35153331 WY3677521 RW16492883 SS59203400 TR7268030 QR36456605 RW87953346 QX64837767 SS59203400 WY3677521 SS35153331 RX14849271 XX0504585 QR5703643 SX9811473 SS15756640 SP03210851 RW32029489 TQ03636596 TT040604 SX50944985 RX87039266 QQ12738637 RW68548410 RW16492883 SS59203400
BI82344631,SS35153331 WY3677521 RW16492883 SS59203400 TR7268030 QR36456605 RW87953346 QX64837767 SS59203400 WY3677521 SS35153331 RX14849271 XX0504585 QR5703643 SX9811473 SS15756640 SP03210851 RW32029489 TQ03636596 TT040604 SX50944985 RX87039266 QQ12738637 RW68548410 RW16492883 SS59203400
BJ35452377,SS35153331 WY3677521 RW16492883 SS59203400 TR7268030 QR36456605 RW87953346 QX64837767 SS59203400 WY3677521 SS35153331 RX14849271 XX0504585 QR5703643 SX9811473 SS15756640 SP03210851 RW32029489 TQ03636596 TT040604 SX50944985 RX87039266 QQ12738637 RW68548410 RW16492883 SS59203400
BJ67689783,SS35153331 WY3677521 RW16492883 SS59203400 TR7268030 QR36456605 RW87953346 QX64837767 SS59203400 WY3677521 SS35153331 RX14849271 XX0504585 QR5703643 SX9811473 SS15756640 SP03210851 RW32029489 TQ03636596 TT040604 SX50944985 RX87039266 QQ12738637 RW68548410 RW16492883 SS59203400
CA54648409,SS35153331 WY3677521 RW16492883 SS59203400 TR7268030 QR36456605 RW87953346 QX64837767 SS59203400 WY3677521 SS35153331 RX14849271 XX0504585 QR5703643 SX9811473 SS15756640 SP03210851 RW32029489 TQ03636596 TT040604 SX50944985 RX87039266 QQ12738637 RW68548410 RW16492883 SS59203400
CB29690960,SS35153331 WY3677521 RW16492883 SS59203400 TR7268030 QR36456605 RW87953346 QX64837767 SS59203400 WY3677521 SS35153331 RX14849271 XX0504585 QR5703643 SX9811473 SS15756640 SP03210851 RW32029489 TQ03636596 TT040604 SX50944985 RX87039266 QQ12738637 RW68548410 RW16492883 SS59203400
CB93628344,SS35153331 WY3677521 RW16492883 SS59203400 TR7268030 QR36456605 RW87953346 QX64837767 SS59203400 WY3677521 SS35153331 RX14849271 XX0504585 QR5703643 SX9811473 SS15756640 SP03210851 RW32029489 TQ03636596 TT040604 SX50944985 RX87039266 QQ12738637 RW68548410 RW16492883 SS59203400
CC05166542,SS35153331 WY3677521 RW16492883 SS59203400 TR7268030 QR36456605 RW87953346 QX64837767 SS59203400 WY3677521 SS35153331 RX14849271 XX0504585 QR5703643 SX9811473 SS15756640 SP03210851 RW32029489 TQ03636596 TT040604 SX50944985 RX87039266 QQ12738637 RW68548410 RW16492883 SS59203400
CC09002289,SS35153331 WY3677521 RW16492883 SS59203400 TR7268030 QR36456605 RW87953346 QX64837767 SS59203400 WY3677521 SS35153331 RX14849271 XX0504585 QR5703643 SX9811473 SS15756640 SP03210851 RW32029489 TQ03636596 TT040604 SX50944985 RX87039266 QQ12738637 RW68548410 RW16492883 SS59203400
CC23946882,SS35153331 WY3677521 RW16492883 SS59203400 TR7268030 QR36456605 RW87953346 QX64837767 SS59203400 WY3677521 SS35153331 RX14849271 XX0504585 QR5703643 SX9811473 SS15756640 SP03210851 RW32029489 TQ03636596 TT040604 SX50944985 RX87039266 QQ12738637 RW68548410 RW16492883 SS59203400
CC54327912,SS35153331 WY3677521 RW16492883 SS59203400 TR7268030 QR36456605 RW87953346 QX64837767 SS59203400 WY3677521 SS35153331 RX14849271 XX0504585 QR5703643 SX9811473 SS15756640 SP03210851 RW32029489 TQ03636596 TT040604 SX50944985 RX87039266 QQ12738637 RW68548410 RW16492883 SS59203400
CC64585544,SS35153331 WY3677521 RW16492883 SS59203400 TR7268030 QR36456605 RW87953346 QX64837767 SS59203400 WY3677521 SS35153331 RX14849271 XX0504585 QR5703643 SX9811473 SS15756640 SP03210851 RW32029489 TQ03636596 TT040604 SX50944985 RX87039266 QQ12738637 RW68548410 RW16492883 SS59203400
CF43824082,SS35153331 WY3677521 RW16492883 SS59203400 TR7268030 QR36456605 RW87953346 QX64837767 SS59203400 WY3677521 SS35153331 RX14849271 XX0504585 QR5703643 SX9811473 SS15756640 SP03210851 RW32029489 TQ03636596 TT040604 SX50944985 RX87039266 QQ12738637 RW68548410 RW16492883 SS59203400
CF57219570,SS35153331 WY3677521 RW16492883 SS59203400 TR7268030 QR36456605 RW87953346 QX64837767 SS59203400 WY3677521 SS35153331 RX14849271 XX0504585 QR5703643 SX9811473 SS15756640 SP03210851 RW32029489 TQ03636596 TT040604 SX50944985 RX87039266 QQ12738637 RW68548410 RW16492883 SS59203400
CG33145288,SS35153331 WY3677521 RW16492883 SS59203400 TR7268030 QR36456605 RW87953346 QX64837767 SS59203400 WY3677521 SS35153331 RX14849271 XX0504585 QR5703643 SX9811473 SS15756640 SP03210851 RW32029489 TQ03636596 TT040604 SX50944985 RX87039266 QQ12738637 RW68548410 RW16492883 SS59203400
CG38473114,SS35153331 WY3677521 RW16492883 SS59203400 TR7268030 QR36456605 RW87953346 QX64837767 SS59203400 WY3677521 SS35153331 RX14849271 XX0504585 QR5703643 SX9811473 SS15756640 SP03210851 RW32029489 TQ03636596 TT040604 SX50944985 RX87039266 QQ12738637 RW68548410 RW16492883 SS59203400
CG43058163,SS35153331 WY3677521 RW16492883 SS59203400 TR7268030 QR36456605 RW87953346 QX64837767 SS59203400 WY3677521 SS35153331 RX14849271 XX0504585 QR5703643 SX9811473 SS15756640 SP03210851 RW32029489 TQ03636596 TT040604 SX50944985 RX87039266 QQ12738637 RW68548410 RW16492883 SS59203400
CH87637778,SS35153331 WY3677521 RW16492883 SS59203400 TR7268030 QR36456605 RW87953346 QX64837767 SS59203400 WY3677521 SS35153331 RX14849271 XX0504585 QR5703643 SX9811473 SS15756640 SP03210851 RW32029489 TQ03636596 TT040604 SX50944985 RX87039266 QQ12738637 RW68548410 RW16492883 SS59203400
CH91418962,SS35153331 WY3677521 RW16492883 SS59203400 TR7268030 QR36456605 RW87953346 QX64837767 SS59203400 WY3677521 SS35153331 RX14849271 XX0504585 QR5703643 SX9811473 SS15756640 SP03210851 RW32029489 TQ03636596 TT040604 SX50944985 RX87039266 QQ12738637 RW68548410 RW16492883 SS59203400
CI37984655,SS35153331 WY3677521 RW16492883 SS59203400 TR7268030 QR36456605 RW87953346 QX64837767 SS59203400 WY3677521 SS35153331 RX14849271 XX0504585 QR5703643 SX9811473 SS15756640 SP03210851 RW32029489 TQ03636596 TT040604 SX50944985 RX87039266 QQ12738637 RW68548410 RW16492883 SS59203400
CI55659739,SS35153331 WY3677521 RW16492883 SS59203400 TR7268030 QR36456605 RW87953346 QX64837767 SS59203400 WY3677521 SS35153331 RX14849271 XX0504585 QR5703643 SX9811473 SS15756640 SP03210851 RW32029489 TQ03636596 TT040604 SX50944985 RX87039266 QQ12738637 RW68548410 RW16492883 SS59203400
CI85761776,SS35153331 WY3677521 RW16492883 SS59203400 TR7268030 QR36456605 RW87953346 QX64837767 SS59203400 WY3677521 SS35153331 RX14849271 XX0504585 QR5703643 SX9811473 SS15756640 SP03210851 RW32029489 TQ03636596 TT040604 SX50944985 RX87039266 QQ12738637 RW68548410 RW16492883 SS59203400
CJ21156307,SS35153331 WY3677521 RW16492883 SS59203400 TR7268030 QR36456605 RW87953346 QX64837767 SS59203400 WY3677521 SS35153331 RX14849271 XX0504585 QR5703643 SX9811473 SS15756640 SP03210851 RW32029489 TQ03636596 TT040604 SX50944985 RX87039266 QQ12738637 RW68548410 RW16492883 SS59203400
CJ40390801,SS35153331 WY3677521 RW16492883 SS59203400 TR7268030 QR36456605 RW87953346 QX64837767 SS59203400 WY3677521 SS35153331 RX14849271 XX0504585 QR5703643 SX9811473 SS15756640 SP03210851 RW32029489 TQ03636596 TT040604 SX50944985 RX87039266 QQ12738637 RW68548410 RW16492883 SS59203400
CJ54864792,SS35153331 WY3677521 RW16492883 SS59203400 TR7268030 QR36456605 RW87953346 QX64837767 SS59203400 WY3677521 SS35153331 RX14849271 XX0504585 QR5703643 SX9811473 SS15756640 SP03210851 RW32029489 TQ03636596 TT040604 SX50944985 RX87039266 QQ12738637 RW68548410 RW16492883 SS59203400
CJ85391759,SS35153331 WY3677521 RW16492883 SS59203400 TR7268030 QR36456605 RW87953346 QX64837767 SS59203400 WY3677521 SS35153331 RX14849271 XX0504585 QR5703643 SX9811473 SS15756640 SP03210851 RW32029489 TQ03636596 TT040604 SX50944985 RX87039266 QQ12738637 RW68548410 RW16492883 SS59203400
DA38024163,SS35153331 WY3677521 RW16492883 SS59203400 TR7268030 QR36456605 RW87953346 QX64837767 SS59203400 WY3677521 SS35153331 RX14849271 XX0504585 QR5703643 SX9811473 SS15756640 SP03210851 RW32029489 TQ03636596 TT040604 SX50944985 RX87039266 QQ12738637 RW68548410 RW16492883 SS59203400
DB04132371,SS35153331 WY3677521 RW16492883 SS59203400 TR7268030 QR36456605 RW87953346 QX64837767 SS59203400 WY3677521 SS35153331 RX14849271 XX0504585 QR5703643 SX9811473 SS15756640 SP03210851 RW32029489 TQ03636596 TT040604 SX50944985 RX87039266 QQ12738637 RW68548410 RW16492883 SS59203400
DC39836164,SS35153331 WY3677521 RW16492883 SS59203400 TR7268030 QR36456605 RW87953346 QX64837767 SS59203400 WY3677521 SS35153331 RX14849271 XX0504585 QR5703643 SX9811473 SS15756640 SP03210851 RW32029489 TQ03636596 TT040604 SX50944985 RX87039266 QQ12738637 RW68548410 RW16492883 SS59203400
DC58281955,SS35153331 WY3677521 RW16492883 SS59203400 TR7268030 QR36456605 RW87953346 QX64837767 SS59203400 WY3677521 SS35153331 RX14849271 XX0504585 QR5703643 SX9811473 SS15756640 SP03210851 RW32029489 TQ03636596 TT040604 SX50944985 RX87039266 QQ12738637 RW68548410 RW16492883 SS59203400
DC61647162,SS35153331 WY3677521 RW16492883 SS59203400 TR7268030 QR36456605 RW87953346 QX64837767 SS59203400 WY3677521 SS35153331 RX14849271 XX0504585 QR5703643 SX9811473 SS15756640 SP03210851 RW32029489 TQ03636596 TT040604 SX50944985 RX87039266 QQ12738637 RW68548410 RW16492883 SS59203400
DC85425249,SS35153331 WY3677521 RW16492883 SS59203400 TR7268030 QR36456605 RW87953346 QX64837767 SS59203400 WY3677521 SS35153331 RX14849271 XX0504585 QR5703643 SX9811473 SS15756640 SP03210851 RW32029489 TQ03636596 TT040604 SX50944985 RX87039266 QQ12738637 RW68548410 RW16492883 SS59203400
DD16715342,SS35153331 WY3677521 RW16492883 SS59203400 TR7268030 QR36456605 RW87953346 QX64837767 SS59203400 WY3677521 SS35153331 RX14849271 XX0504585 QR5703643 SX9811473 SS15756640 SP03210851 RW32029489 TQ03636596 TT040604 SX50944985 RX87039266 QQ12738637 RW68548410 RW16492883 SS59203400
DD50877536,SS35153331 WY3677521 RW16492883 SS59203400 TR7268030 QR36456605 RW87953346 QX64837767 SS59203400 WY3677521 SS35153331 RX14849271 XX0504585 QR5703643 SX9811473 SS15756640 SP03210851 RW32029489 TQ03636596 TT040604 SX50944985 RX87039266 QQ12738637 RW68548410 RW16492883 SS59203400
DD65349866,SS35153331 WY3677521 RW16492883 SS59203400 TR7268030 QR36456605 RW87953346 QX64837767 SS59203400 WY3677521 SS35153331 RX14849271 XX0504585 QR5703643 SX9811473 SS15756640 SP03210851 RW32029489 TQ03636596 TT040604 SX50944985 RX87039266 QQ12738637 RW68548410 RW16492883 SS59203400
DE64554032,SS35153331 WY3677521 RW16492883 SS59203400 TR7268030 QR36456605 RW87953346 QX64837767 SS59203400 WY3677521 SS35153331 RX14849271 XX0504585 QR5703643 SX9811473 SS15756640 SP03210851 RW32029489 TQ03636596 TT040604 SX50944985 RX87039266 QQ12738637 RW68548410 RW16492883 SS59203400
DE86057072,SS35153331 WY3677521 RW16492883 SS59203400 TR7268030 QR36456605 RW87953346 QX64837767 SS59203400 WY3677521 SS35153331 RX14849271 XX0504585 QR5703643 SX9811473 SS15756640 SP03210851 RW32029489 TQ03636596 TT040604 SX50944985 RX87039266 QQ12738637 RW68548410 RW16492883 SS59203400
DF04868122,SS35153331 WY3677521 RW16492883 SS59203400 TR7268030 QR36456605 RW87953346 QX64837767 SS59203400 WY3677521 SS35153331 RX14849271 XX0504585 QR5703643 SX9811473 SS15756640 SP03210851 RW32029489 TQ03636596 TT040604 SX50944985 RX87039266 QQ12738637 RW68548410 RW16492883 SS59203400
DF19657066,SS35153331 WY3677521 RW16492883 SS59203400 TR7268030 QR36456605 RW87953346 QX64837767 SS59203400 WY3677521 SS35153331 RX14849271 XX0504585 QR5703643 SX9811473 SS15756640 SP03210851 RW32029489 TQ03636596 TT040604 SX50944985 RX87039266 QQ12738637 RW68548410 RW16492883 SS59203400
DG01181201,SS35153331 WY3677521 RW16492883 SS59203400 TR7268030 QR36456605 RW87953346 QX64837767 SS59203400 WY3677521 SS35153331 RX14849271 XX0504585 QR5703643 SX9811473 SS15756640 SP03210851 RW32029489 TQ03636596 TT040604 SX50944985 RX87039266 QQ12738637 RW68548410 RW16492883 SS59203400
DG14158257,SS35153331 WY3677521 RW16492883 SS59203400 TR7268030 QR36456605 RW87953346 QX64837767 SS59203400 WY3677521 SS35153331 RX14849271 XX0504585 QR5703643 SX9811473 SS15756640 SP03210851 RW32029489 TQ03636596 TT040604 SX50944985 RX87039266 QQ12738637 RW68548410 RW16492883 SS59203400
DH93812304,SS35153331 WY3677521 RW16492883 SS59203400 TR7268030 QR36456605 RW87953346 QX64837767 SS59203400 WY3677521 SS35153331 RX14849271 XX0504585 QR5703643 SX9811473 SS15756640 SP03210851 RW32029489 TQ03636596 TT040604 SX50944985 RX87039266 QQ12738637 RW68548410 RW16492883 SS59203400
DI18890017,SS35153331 WY3677521 RW16492883 SS59203400 TR7268030 QR36456605 RW87953346 QX64837767 SS59203400 WY3677521 SS35153331 RX14849271 XX0504585 QR5703643 SX9811473 SS15756640 SP03210851 RW32029489 TQ03636596 TT040604 SX50944985 RX87039266 QQ12738637 RW68548410 RW16492883 SS59203400
DI33425001,SS35153331 WY3677521 RW16492883 SS59203400 TR7268030 QR36456605 RW87953346 QX64837767 SS59203400 WY3677521 SS35153331 RX14849271 XX0504585 QR5703643 SX9811473 SS15756640 SP03210851 RW32029489 TQ03636596 TT040604 SX50944985 RX87039266 QQ12738637 RW68548410 RW16492883 SS59203400
DI34655845,SS35153331 WY3677521 RW16492883 SS59203400 TR7268030 QR36456605 RW87953346 QX64837767 SS59203400 WY3677521 SS35153331 RX14849271 XX0504585 QR5703643 SX9811473 SS15756640 SP03210851 RW32029489 TQ03636596 TT040604 SX50944985 RX87039266 QQ12738637 RW68548410 RW16492883 SS59203400
DI35637004,SS35153331 WY3677521 RW16492883 SS59203400 TR7268030 QR36456605 RW87953346 QX64837767 SS59203400 WY3677521 SS35153331 RX14849271 XX0504585 QR5703643 SX9811473 SS15756640 SP03210851 RW32029489 TQ03636596 TT040604 SX50944985 RX87039266 QQ12738637 RW68548410 RW16492883 SS59203400
DI38242688,SS35153331 WY3677521 RW16492883 SS59203400 TR7268030 QR36456605 RW87953346 QX64837767 SS59203400 WY3677521 SS35153331 RX14849271 XX0504585 QR5703643 SX9811473 SS15756640 SP03210851 RW32029489 TQ03636596 TT040604 SX50944985 RX87039266 QQ12738637 RW68548410 RW16492883 SS59203400
DI43287866,SS35153331 WY3677521 RW16492883 SS59203400 TR7268030 QR36456605 RW87953346 QX64837767 SS59203400 WY3677521 SS35153331 RX14849271 XX0504585 QR5703643 SX9811473 SS15756640 SP03210851 RW32029489 TQ03636596 TT040604 SX50944985 RX87039266 QQ12738637 RW68548410 RW16492883 SS59203400
DJ43175229,SS35153331 WY3677521 RW16492883 SS59203400 TR7268030 QR36456605 RW87953346 QX64837767 SS59203400 WY3677521 SS35153331 RX14849271 XX0504585 QR5703643 SX9811473 SS15756640 SP03210851 RW32029489 TQ03636596 TT040604 SX50944985 RX87039266 QQ12738637 RW68548410 RW16492883 SS59203400
DJ87610774,SS35153331 WY3677521 RW16492883 SS59203400 TR7268030 QR36456605 RW87953346 QX64837767 SS59203400 WY3677521 SS35153331 RX14849271 XX0504585 QR5703643 SX9811473 SS15756640 SP03210851 RW32029489 TQ03636596 TT040604 SX50944985 RX87039266 QQ12738637 RW68548410 RW16492883 SS59203400
EA30798150,SS35153331 WY3677521 RW16492883 SS59203400 TR7268030 QR36456605 RW87953346 QX64837767 SS59203400 WY3677521 SS35153331 RX14849271 XX0504585 QR5703643 SX9811473 SS15756640 SP03210851 RW32029489 TQ03636596 TT040604 SX50944985 RX87039266 QQ12738637 RW68548410 RW16492883 SS59203400
EA81761804,SS35153331 WY3677521 RW16492883 SS59203400 TR7268030 QR36456605 RW87953346 QX64837767 SS59203400 WY3677521 SS35153331 RX14849271 XX0504585 QR5703643 SX9811473 SS15756640 SP03210851 RW32029489 TQ03636596 TT040604 SX50944985 RX87039266 QQ12738637 RW68548410 RW16492883 SS59203400
EB01519751,SS35153331 WY3677521 RW16492883 SS59203400 TR7268030 QR36456605 RW87953346 QX64837767 SS59203400 WY3677521 SS35153331 RX14849271 XX0504585 QR5703643 SX9811473 SS15756640 SP03210851 RW32029489 TQ03636596 TT040604 SX50944985 RX87039266 QQ12738637 RW68548410 RW16492883 SS59203400
EB22483286,SS35153331 WY3677521 RW16492883 SS59203400 TR7268030 QR36456605 RW87953346 QX64837767 SS59203400 WY3677521 SS35153331 RX14849271 XX0504585 QR5703643 SX9811473 SS15756640 SP03210851 RW32029489 TQ03636596 TT040604 SX50944985 RX87039266 QQ12738637 RW68548410 RW16492883 SS59203400
EB56731925,SS35153331 WY3677521 RW16492883 SS59203400 TR7268030 QR36456605 RW87953346 QX64837767 SS59203400 WY3677521 SS35153331 RX14849271 XX0504585 QR5703643 SX9811473 SS15756640 SP03210851 RW32029489 TQ03636596 TT040604 SX50944985 RX87039266 QQ12738637 RW68548410 RW16492883 SS59203400
EB70453600,SS35153331 WY3677521 RW16492883 SS59203400 TR7268030 QR36456605 RW87953346 QX64837767 SS59203400 WY3677521 SS35153331 RX14849271 XX0504585 QR5703643 SX9811473 SS15756640 SP03210851 RW32029489 TQ03636596 TT040604 SX50944985 RX87039266 QQ12738637 RW68548410 RW16492883 SS59203400
EB75659797,SS35153331 WY3677521 RW16492883 SS59203400 TR7268030 QR36456605 RW87953346 QX64837767 SS59203400 WY3677521 SS35153331 RX14849271 XX0504585 QR5703643 SX9811473 SS15756640 SP03210851 RW32029489 TQ03636596 TT040604 SX50944985 RX87039266 QQ12738637 RW68548410 RW16492883 SS59203400
EB99616576,SS35153331 WY3677521 RW16492883 SS59203400 TR7268030 QR36456605 RW87953346 QX64837767 SS59203400 WY3677521 SS35153331 RX14849271 XX0504585 QR5703643 SX9811473 SS15756640 SP03210851 RW32029489 TQ03636596 TT040604 SX50944985 RX87039266 QQ12738637 RW68548410 RW16492883 SS59203400
EC22590338,SS35153331 WY3677521 RW16492883 SS59203400 TR7268030 QR36456605 RW87953346 QX64837767 SS59203400 WY3677521 SS35153331 RX14849271 XX0504585 QR5703643 SX9811473 SS15756640 SP03210851 RW32029489 TQ03636596 TT040604 SX50944985 RX87039266 QQ12738637 RW68548410 RW16492883 SS59203400
EC46728549,SS35153331 WY3677521 RW16492883 SS59203400 TR7268030 QR36456605 RW87953346 QX64837767 SS59203400 WY3677521 SS35153331 RX14849271 XX0504585 QR5703643 SX9811473 SS15756640 SP03210851 RW32029489 TQ03636596 TT040604 SX50944985 RX87039266 QQ12738637 RW68548410 RW16492883 SS59203400
EC61865653,SS35153331 WY3677521 RW16492883 SS59203400 TR7268030 QR36456605 RW87953346 QX64837767 SS59203400 WY3677521 SS35153331 RX14849271 XX0504585 QR5703643 SX9811473 SS15756640 SP03210851 RW32029489 TQ03636596 TT040604 SX50944985 RX87039266 QQ12738637 RW68548410 RW16492883 SS59203400
EC82954307,SS35153331 WY3677521 RW16492883 SS59203400 TR7268030 QR36456605 RW87953346 QX64837767 SS59203400 WY3677521 SS35153331 RX14849271 XX0504585 QR5703643 SX9811473 SS15756640 SP03210851 RW32029489 TQ03636596 TT040604 SX50944985 RX87039266 QQ12738637 RW68548410 RW16492883 SS59203400
